file,line,type,commit,author,date,time,timezone,datetime,depth,length
style.css,1,css,1d4c4c23,vdhanda4,2025-04-25,22:57:21,-07:00,2025-04-25T22:57:21-07:00,0,5
style.css,2,css,1d4c4c23,vdhanda4,2025-04-25,22:57:21,-07:00,2025-04-25T22:57:21-07:00,0,24
style.css,3,css,1d4c4c23,vdhanda4,2025-04-25,22:57:21,-07:00,2025-04-25T22:57:21-07:00,0,0
style.css,4,css,1d4c4c23,vdhanda4,2025-04-25,22:57:21,-07:00,2025-04-25T22:57:21-07:00,0,14
style.css,5,css,1d4c4c23,vdhanda4,2025-04-25,22:57:21,-07:00,2025-04-25T22:57:21-07:00,0,17
style.css,6,css,1d4c4c23,vdhanda4,2025-04-25,22:57:21,-07:00,2025-04-25T22:57:21-07:00,0,0
style.css,7,css,1d4c4c23,vdhanda4,2025-04-25,22:57:21,-07:00,2025-04-25T22:57:21-07:00,0,0
style.css,8,css,1d4c4c23,vdhanda4,2025-04-25,22:57:21,-07:00,2025-04-25T22:57:21-07:00,0,5
style.css,9,css,1d4c4c23,vdhanda4,2025-04-25,22:57:21,-07:00,2025-04-25T22:57:21-07:00,0,24
style.css,10,css,1d4c4c23,vdhanda4,2025-04-25,22:57:21,-07:00,2025-04-25T22:57:21-07:00,0,17
style.css,11,css,1d4c4c23,vdhanda4,2025-04-25,22:57:21,-07:00,2025-04-25T22:57:21-07:00,0,0
style.css,12,css,1d4c4c23,vdhanda4,2025-04-25,22:57:21,-07:00,2025-04-25T22:57:21-07:00,0,4
style.css,13,css,1d4c4c23,vdhanda4,2025-04-25,22:57:21,-07:00,2025-04-25T22:57:21-07:00,0,40
style.css,14,css,1d4c4c23,vdhanda4,2025-04-25,22:57:21,-07:00,2025-04-25T22:57:21-07:00,0,44
style.css,15,css,1d4c4c23,vdhanda4,2025-04-25,22:57:21,-07:00,2025-04-25T22:57:21-07:00,0,13
style.css,16,css,1d4c4c23,vdhanda4,2025-04-25,22:57:21,-07:00,2025-04-25T22:57:21-07:00,0,23
style.css,17,css,1d4c4c23,vdhanda4,2025-04-25,22:57:21,-07:00,2025-04-25T22:57:21-07:00,0,9
style.css,18,css,1d4c4c23,vdhanda4,2025-04-25,22:57:21,-07:00,2025-04-25T22:57:21-07:00,0,22
style.css,19,css,1d4c4c23,vdhanda4,2025-04-25,22:57:21,-07:00,2025-04-25T22:57:21-07:00,0,19
style.css,20,css,1d4c4c23,vdhanda4,2025-04-25,22:57:21,-07:00,2025-04-25T22:57:21-07:00,0,0
style.css,21,css,1d4c4c23,vdhanda4,2025-04-25,22:57:21,-07:00,2025-04-25T22:57:21-07:00,0,9
style.css,22,css,1d4c4c23,vdhanda4,2025-04-25,22:57:21,-07:00,2025-04-25T22:57:21-07:00,0,44
style.css,23,css,1d4c4c23,vdhanda4,2025-04-25,22:57:21,-07:00,2025-04-25T22:57:21-07:00,0,0
style.css,24,css,1d4c4c23,vdhanda4,2025-04-25,22:57:21,-07:00,2025-04-25T22:57:21-07:00,0,0
style.css,25,css,1d4c4c23,vdhanda4,2025-04-25,22:57:21,-07:00,2025-04-25T22:57:21-07:00,0,14
style.css,26,css,1d4c4c23,vdhanda4,2025-04-25,22:57:21,-07:00,2025-04-25T22:57:21-07:00,0,18
style.css,27,css,1d4c4c23,vdhanda4,2025-04-25,22:57:21,-07:00,2025-04-25T22:57:21-07:00,0,9
style.css,28,css,1d4c4c23,vdhanda4,2025-04-25,22:57:21,-07:00,2025-04-25T22:57:21-07:00,0,11
style.css,29,css,1d4c4c23,vdhanda4,2025-04-25,22:57:21,-07:00,2025-04-25T22:57:21-07:00,0,23
style.css,30,css,1d4c4c23,vdhanda4,2025-04-25,22:57:21,-07:00,2025-04-25T22:57:21-07:00,0,0
style.css,31,css,1d4c4c23,vdhanda4,2025-04-25,22:57:21,-07:00,2025-04-25T22:57:21-07:00,0,0
style.css,32,css,1d4c4c23,vdhanda4,2025-04-25,22:57:21,-07:00,2025-04-25T22:57:21-07:00,0,19
style.css,33,css,1d4c4c23,vdhanda4,2025-04-25,22:57:21,-07:00,2025-04-25T22:57:21-07:00,0,21
style.css,34,css,1d4c4c23,vdhanda4,2025-04-25,22:57:21,-07:00,2025-04-25T22:57:21-07:00,0,15
style.css,35,css,1d4c4c23,vdhanda4,2025-04-25,22:57:21,-07:00,2025-04-25T22:57:21-07:00,0,0
style.css,36,css,23a3d1f9,vdhanda4,2025-04-04,21:08:46,-07:00,2025-04-04T21:08:46-07:00,0,5
style.css,37,css,c79516e1,vdhanda4,2025-04-04,22:17:26,-07:00,2025-04-04T22:17:26-07:00,0,44
style.css,38,css,c79516e1,vdhanda4,2025-04-04,22:17:26,-07:00,2025-04-04T22:17:26-07:00,1,43
style.css,39,css,c79516e1,vdhanda4,2025-04-04,22:17:26,-07:00,2025-04-04T22:17:26-07:00,1,1
style.css,40,css,c79516e1,vdhanda4,2025-04-04,22:17:26,-07:00,2025-04-04T22:17:26-07:00,0,24
style.css,41,css,ddbb2a3c,vdhanda4,2025-04-25,21:06:35,-07:00,2025-04-25T21:06:35-07:00,0,0
style.css,42,css,ddbb2a3c,vdhanda4,2025-04-25,21:06:35,-07:00,2025-04-25T21:06:35-07:00,0,5
style.css,43,css,ddbb2a3c,vdhanda4,2025-04-25,21:06:35,-07:00,2025-04-25T21:06:35-07:00,0,16
style.css,44,css,ddbb2a3c,vdhanda4,2025-04-25,21:06:35,-07:00,2025-04-25T21:06:35-07:00,0,19
style.css,45,css,ddbb2a3c,vdhanda4,2025-04-25,21:06:35,-07:00,2025-04-25T21:06:35-07:00,0,19
style.css,46,css,ddbb2a3c,vdhanda4,2025-04-25,21:06:35,-07:00,2025-04-25T21:06:35-07:00,0,0
style.css,47,css,ddbb2a3c,vdhanda4,2025-04-25,21:06:35,-07:00,2025-04-25T21:06:35-07:00,0,4
style.css,48,css,ddbb2a3c,vdhanda4,2025-04-25,21:06:35,-07:00,2025-04-25T21:06:35-07:00,0,13
style.css,49,css,ddbb2a3c,vdhanda4,2025-04-25,21:06:35,-07:00,2025-04-25T21:06:35-07:00,0,0
style.css,50,css,ddbb2a3c,vdhanda4,2025-04-25,21:06:35,-07:00,2025-04-25T21:06:35-07:00,0,6
style.css,51,css,ddbb2a3c,vdhanda4,2025-04-25,21:06:35,-07:00,2025-04-25T21:06:35-07:00,0,7
style.css,52,css,ddbb2a3c,vdhanda4,2025-04-25,21:06:35,-07:00,2025-04-25T21:06:35-07:00,0,0
style.css,53,css,ddbb2a3c,vdhanda4,2025-04-25,21:06:35,-07:00,2025-04-25T21:06:35-07:00,0,6
style.css,54,css,ddbb2a3c,vdhanda4,2025-04-25,21:06:35,-07:00,2025-04-25T21:06:35-07:00,0,32
style.css,55,css,ddbb2a3c,vdhanda4,2025-04-25,21:06:35,-07:00,2025-04-25T21:06:35-07:00,0,0
style.css,56,css,ddbb2a3c,vdhanda4,2025-04-25,21:06:35,-07:00,2025-04-25T21:06:35-07:00,0,0
style.css,57,css,ddbb2a3c,vdhanda4,2025-04-25,21:06:35,-07:00,2025-04-25T21:06:35-07:00,0,4
style.css,58,css,ddbb2a3c,vdhanda4,2025-04-25,21:06:35,-07:00,2025-04-25T21:06:35-07:00,0,13
style.css,59,css,ddbb2a3c,vdhanda4,2025-04-25,21:06:35,-07:00,2025-04-25T21:06:35-07:00,0,18
style.css,60,css,ddbb2a3c,vdhanda4,2025-04-25,21:06:35,-07:00,2025-04-25T21:06:35-07:00,0,42
style.css,61,css,ddbb2a3c,vdhanda4,2025-04-25,21:06:35,-07:00,2025-04-25T21:06:35-07:00,0,0
style.css,62,css,ddbb2a3c,vdhanda4,2025-04-25,21:06:35,-07:00,2025-04-25T21:06:35-07:00,0,0
style.css,63,css,ddbb2a3c,vdhanda4,2025-04-25,21:06:35,-07:00,2025-04-25T21:06:35-07:00,0,6
style.css,64,css,ddbb2a3c,vdhanda4,2025-04-25,21:06:35,-07:00,2025-04-25T21:06:35-07:00,0,7
style.css,65,css,ddbb2a3c,vdhanda4,2025-04-25,21:06:35,-07:00,2025-04-25T21:06:35-07:00,0,21
style.css,66,css,ddbb2a3c,vdhanda4,2025-04-25,21:06:35,-07:00,2025-04-25T21:06:35-07:00,0,14
style.css,67,css,ddbb2a3c,vdhanda4,2025-04-25,21:06:35,-07:00,2025-04-25T21:06:35-07:00,0,18
style.css,68,css,ddbb2a3c,vdhanda4,2025-04-25,21:06:35,-07:00,2025-04-25T21:06:35-07:00,0,14
style.css,69,css,ddbb2a3c,vdhanda4,2025-04-25,21:06:35,-07:00,2025-04-25T21:06:35-07:00,0,0
style.css,70,css,ddbb2a3c,vdhanda4,2025-04-25,21:06:35,-07:00,2025-04-25T21:06:35-07:00,0,0
style.css,71,css,ddbb2a3c,vdhanda4,2025-04-25,21:06:35,-07:00,2025-04-25T21:06:35-07:00,0,14
style.css,72,css,ddbb2a3c,vdhanda4,2025-04-25,21:06:35,-07:00,2025-04-25T21:06:35-07:00,0,44
style.css,73,css,ddbb2a3c,vdhanda4,2025-04-25,21:06:35,-07:00,2025-04-25T21:06:35-07:00,0,21
style.css,74,css,ddbb2a3c,vdhanda4,2025-04-25,21:06:35,-07:00,2025-04-25T21:06:35-07:00,0,0
style.css,75,css,ddbb2a3c,vdhanda4,2025-04-25,21:06:35,-07:00,2025-04-25T21:06:35-07:00,0,0
style.css,76,css,ddbb2a3c,vdhanda4,2025-04-25,21:06:35,-07:00,2025-04-25T21:06:35-07:00,0,12
style.css,77,css,ddbb2a3c,vdhanda4,2025-04-25,21:06:35,-07:00,2025-04-25T21:06:35-07:00,0,46
style.css,78,css,ddbb2a3c,vdhanda4,2025-04-25,21:06:35,-07:00,2025-04-25T21:06:35-07:00,0,58
style.css,79,css,ddbb2a3c,vdhanda4,2025-04-25,21:06:35,-07:00,2025-04-25T21:06:35-07:00,0,0
style.css,80,css,1d4c4c23,vdhanda4,2025-04-25,22:57:21,-07:00,2025-04-25T22:57:21-07:00,0,32
style.css,81,css,ddbb2a3c,vdhanda4,2025-04-25,21:06:35,-07:00,2025-04-25T21:06:35-07:00,0,13
style.css,82,css,ddbb2a3c,vdhanda4,2025-04-25,21:06:35,-07:00,2025-04-25T21:06:35-07:00,0,0
style.css,83,css,ddbb2a3c,vdhanda4,2025-04-25,21:06:35,-07:00,2025-04-25T21:06:35-07:00,0,4
style.css,84,css,ddbb2a3c,vdhanda4,2025-04-25,21:06:35,-07:00,2025-04-25T21:06:35-07:00,0,13
style.css,85,css,ddbb2a3c,vdhanda4,2025-04-25,21:06:35,-07:00,2025-04-25T21:06:35-07:00,0,31
style.css,86,css,ddbb2a3c,vdhanda4,2025-04-25,21:06:35,-07:00,2025-04-25T21:06:35-07:00,0,8
style.css,87,css,ddbb2a3c,vdhanda4,2025-04-25,21:06:35,-07:00,2025-04-25T21:06:35-07:00,0,18
style.css,88,css,ddbb2a3c,vdhanda4,2025-04-25,21:06:35,-07:00,2025-04-25T21:06:35-07:00,0,0
style.css,89,css,ddbb2a3c,vdhanda4,2025-04-25,21:06:35,-07:00,2025-04-25T21:06:35-07:00,0,0
style.css,90,css,ddbb2a3c,vdhanda4,2025-04-25,21:06:35,-07:00,2025-04-25T21:06:35-07:00,0,6
style.css,91,css,ddbb2a3c,vdhanda4,2025-04-25,21:06:35,-07:00,2025-04-25T21:06:35-07:00,0,17
style.css,92,css,ddbb2a3c,vdhanda4,2025-04-25,21:06:35,-07:00,2025-04-25T21:06:35-07:00,0,0
style.css,93,css,ddbb2a3c,vdhanda4,2025-04-25,21:06:35,-07:00,2025-04-25T21:06:35-07:00,0,0
style.css,94,css,ddbb2a3c,vdhanda4,2025-04-25,21:06:35,-07:00,2025-04-25T21:06:35-07:00,0,24
style.css,95,css,ddbb2a3c,vdhanda4,2025-04-25,21:06:35,-07:00,2025-04-25T21:06:35-07:00,0,13
style.css,96,css,ddbb2a3c,vdhanda4,2025-04-25,21:06:35,-07:00,2025-04-25T21:06:35-07:00,0,11
style.css,97,css,ddbb2a3c,vdhanda4,2025-04-25,21:06:35,-07:00,2025-04-25T21:06:35-07:00,0,22
style.css,98,css,ddbb2a3c,vdhanda4,2025-04-25,21:06:35,-07:00,2025-04-25T21:06:35-07:00,0,0
style.css,99,css,ddbb2a3c,vdhanda4,2025-04-25,21:06:35,-07:00,2025-04-25T21:06:35-07:00,0,0
style.css,100,css,ddbb2a3c,vdhanda4,2025-04-25,21:06:35,-07:00,2025-04-25T21:06:35-07:00,0,7
style.css,101,css,ddbb2a3c,vdhanda4,2025-04-25,21:06:35,-07:00,2025-04-25T21:06:35-07:00,0,19
style.css,102,css,ddbb2a3c,vdhanda4,2025-04-25,21:06:35,-07:00,2025-04-25T21:06:35-07:00,0,0
style.css,103,css,ddbb2a3c,vdhanda4,2025-04-25,21:06:35,-07:00,2025-04-25T21:06:35-07:00,0,10
style.css,104,css,ddbb2a3c,vdhanda4,2025-04-25,21:06:35,-07:00,2025-04-25T21:06:35-07:00,0,13
style.css,105,css,ddbb2a3c,vdhanda4,2025-04-25,21:06:35,-07:00,2025-04-25T21:06:35-07:00,0,59
style.css,106,css,ddbb2a3c,vdhanda4,2025-04-25,21:06:35,-07:00,2025-04-25T21:06:35-07:00,0,8
style.css,107,css,ddbb2a3c,vdhanda4,2025-04-25,21:06:35,-07:00,2025-04-25T21:06:35-07:00,0,17
style.css,108,css,ddbb2a3c,vdhanda4,2025-04-25,21:06:35,-07:00,2025-04-25T21:06:35-07:00,0,0
style.css,109,css,ddbb2a3c,vdhanda4,2025-04-25,21:06:35,-07:00,2025-04-25T21:06:35-07:00,0,20
style.css,110,css,ddbb2a3c,vdhanda4,2025-04-25,21:06:35,-07:00,2025-04-25T21:06:35-07:00,0,13
style.css,111,css,ddbb2a3c,vdhanda4,2025-04-25,21:06:35,-07:00,2025-04-25T21:06:35-07:00,0,27
style.css,112,css,ddbb2a3c,vdhanda4,2025-04-25,21:06:35,-07:00,2025-04-25T21:06:35-07:00,0,16
style.css,113,css,ddbb2a3c,vdhanda4,2025-04-25,21:06:35,-07:00,2025-04-25T21:06:35-07:00,0,10
style.css,114,css,ddbb2a3c,vdhanda4,2025-04-25,21:06:35,-07:00,2025-04-25T21:06:35-07:00,0,0
style.css,115,css,ddbb2a3c,vdhanda4,2025-04-25,21:06:35,-07:00,2025-04-25T21:06:35-07:00,0,13
style.css,116,css,ddbb2a3c,vdhanda4,2025-04-25,21:06:35,-07:00,2025-04-25T21:06:35-07:00,0,9
style.css,117,css,ddbb2a3c,vdhanda4,2025-04-25,21:06:35,-07:00,2025-04-25T21:06:35-07:00,0,0
style.css,118,css,24ffa5bb,vdhanda4,2025-05-12,20:06:25,-07:00,2025-05-12T20:06:25-07:00,0,17
style.css,119,css,24ffa5bb,vdhanda4,2025-05-12,20:06:25,-07:00,2025-05-12T20:06:25-07:00,0,15
style.css,120,css,24ffa5bb,vdhanda4,2025-05-12,20:06:25,-07:00,2025-05-12T20:06:25-07:00,0,0
style.css,121,css,24ffa5bb,vdhanda4,2025-05-12,20:06:25,-07:00,2025-05-12T20:06:25-07:00,0,0
style.css,122,css,24ffa5bb,vdhanda4,2025-05-12,20:06:25,-07:00,2025-05-12T20:06:25-07:00,0,21
style.css,123,css,24ffa5bb,vdhanda4,2025-05-12,20:06:25,-07:00,2025-05-12T20:06:25-07:00,0,14
style.css,124,css,24ffa5bb,vdhanda4,2025-05-12,20:06:25,-07:00,2025-05-12T20:06:25-07:00,0,18
style.css,125,css,24ffa5bb,vdhanda4,2025-05-12,20:06:25,-07:00,2025-05-12T20:06:25-07:00,0,0
style.css,126,css,24ffa5bb,vdhanda4,2025-05-12,20:06:25,-07:00,2025-05-12T20:06:25-07:00,0,0
style.css,127,css,24ffa5bb,vdhanda4,2025-05-12,20:06:25,-07:00,2025-05-12T20:06:25-07:00,0,14
style.css,128,css,24ffa5bb,vdhanda4,2025-05-12,20:06:25,-07:00,2025-05-12T20:06:25-07:00,0,16
style.css,129,css,24ffa5bb,vdhanda4,2025-05-12,20:06:25,-07:00,2025-05-12T20:06:25-07:00,0,11
style.css,130,css,24ffa5bb,vdhanda4,2025-05-12,20:06:25,-07:00,2025-05-12T20:06:25-07:00,0,31
style.css,131,css,24ffa5bb,vdhanda4,2025-05-12,20:06:25,-07:00,2025-05-12T20:06:25-07:00,0,35
style.css,132,css,24ffa5bb,vdhanda4,2025-05-12,20:06:25,-07:00,2025-05-12T20:06:25-07:00,0,15
style.css,133,css,24ffa5bb,vdhanda4,2025-05-12,20:06:25,-07:00,2025-05-12T20:06:25-07:00,0,0
style.css,134,css,24ffa5bb,vdhanda4,2025-05-12,20:06:25,-07:00,2025-05-12T20:06:25-07:00,0,19
style.css,135,css,24ffa5bb,vdhanda4,2025-05-12,20:06:25,-07:00,2025-05-12T20:06:25-07:00,0,15
style.css,136,css,24ffa5bb,vdhanda4,2025-05-12,20:06:25,-07:00,2025-05-12T20:06:25-07:00,0,17
style.css,137,css,24ffa5bb,vdhanda4,2025-05-12,20:06:25,-07:00,2025-05-12T20:06:25-07:00,0,17
style.css,138,css,24ffa5bb,vdhanda4,2025-05-12,20:06:25,-07:00,2025-05-12T20:06:25-07:00,0,0
style.css,139,css,24ffa5bb,vdhanda4,2025-05-12,20:06:25,-07:00,2025-05-12T20:06:25-07:00,0,0
style.css,140,css,24ffa5bb,vdhanda4,2025-05-12,20:06:25,-07:00,2025-05-12T20:06:25-07:00,0,25
style.css,141,css,24ffa5bb,vdhanda4,2025-05-12,20:06:25,-07:00,2025-05-12T20:06:25-07:00,0,13
style.css,142,css,24ffa5bb,vdhanda4,2025-05-12,20:06:25,-07:00,2025-05-12T20:06:25-07:00,0,23
style.css,143,css,24ffa5bb,vdhanda4,2025-05-12,20:06:25,-07:00,2025-05-12T20:06:25-07:00,0,14
style.css,144,css,24ffa5bb,vdhanda4,2025-05-12,20:06:25,-07:00,2025-05-12T20:06:25-07:00,0,0
style.css,145,css,24ffa5bb,vdhanda4,2025-05-12,20:06:25,-07:00,2025-05-12T20:06:25-07:00,0,0
style.css,146,css,ddbb2a3c,vdhanda4,2025-04-25,21:06:35,-07:00,2025-04-25T21:06:35-07:00,0,3
style.css,147,css,ddbb2a3c,vdhanda4,2025-04-25,21:06:35,-07:00,2025-04-25T21:06:35-07:00,0,15
style.css,148,css,ddbb2a3c,vdhanda4,2025-04-25,21:06:35,-07:00,2025-04-25T21:06:35-07:00,0,20
style.css,149,css,ddbb2a3c,vdhanda4,2025-04-25,21:06:35,-07:00,2025-04-25T21:06:35-07:00,0,0
style.css,150,css,ddbb2a3c,vdhanda4,2025-04-25,21:06:35,-07:00,2025-04-25T21:06:35-07:00,0,0
style.css,151,css,ddbb2a3c,vdhanda4,2025-04-25,21:06:35,-07:00,2025-04-25T21:06:35-07:00,0,23
style.css,152,css,ddbb2a3c,vdhanda4,2025-04-25,21:06:35,-07:00,2025-04-25T21:06:35-07:00,0,16
style.css,153,css,ddbb2a3c,vdhanda4,2025-04-25,21:06:35,-07:00,2025-04-25T21:06:35-07:00,0,18
style.css,154,css,ddbb2a3c,vdhanda4,2025-04-25,21:06:35,-07:00,2025-04-25T21:06:35-07:00,0,0
style.css,155,css,ddbb2a3c,vdhanda4,2025-04-25,21:06:35,-07:00,2025-04-25T21:06:35-07:00,0,8
style.css,156,css,ddbb2a3c,vdhanda4,2025-04-25,21:06:35,-07:00,2025-04-25T21:06:35-07:00,0,25
style.css,157,css,ddbb2a3c,vdhanda4,2025-04-25,21:06:35,-07:00,2025-04-25T21:06:35-07:00,0,14
style.css,158,css,ddbb2a3c,vdhanda4,2025-04-25,21:06:35,-07:00,2025-04-25T21:06:35-07:00,0,18
style.css,159,css,ddbb2a3c,vdhanda4,2025-04-25,21:06:35,-07:00,2025-04-25T21:06:35-07:00,0,18
style.css,160,css,ddbb2a3c,vdhanda4,2025-04-25,21:06:35,-07:00,2025-04-25T21:06:35-07:00,0,0
style.css,161,css,ddbb2a3c,vdhanda4,2025-04-25,21:06:35,-07:00,2025-04-25T21:06:35-07:00,0,3
style.css,162,css,ddbb2a3c,vdhanda4,2025-04-25,21:06:35,-07:00,2025-04-25T21:06:35-07:00,0,19
style.css,163,css,ddbb2a3c,vdhanda4,2025-04-25,21:06:35,-07:00,2025-04-25T21:06:35-07:00,0,17
style.css,164,css,ddbb2a3c,vdhanda4,2025-04-25,21:06:35,-07:00,2025-04-25T21:06:35-07:00,0,18
style.css,165,css,ddbb2a3c,vdhanda4,2025-04-25,21:06:35,-07:00,2025-04-25T21:06:35-07:00,0,0
style.css,166,css,ddbb2a3c,vdhanda4,2025-04-25,21:06:35,-07:00,2025-04-25T21:06:35-07:00,0,0
style.css,167,css,ddbb2a3c,vdhanda4,2025-04-25,21:06:35,-07:00,2025-04-25T21:06:35-07:00,0,3
style.css,168,css,ddbb2a3c,vdhanda4,2025-04-25,21:06:35,-07:00,2025-04-25T21:06:35-07:00,0,20
style.css,169,css,ddbb2a3c,vdhanda4,2025-04-25,21:06:35,-07:00,2025-04-25T21:06:35-07:00,0,0
style.css,170,css,64d342a4,vdhanda4,2025-04-25,23:06:58,-07:00,2025-04-25T23:06:58-07:00,0,38
style.css,171,css,64d342a4,vdhanda4,2025-04-25,23:06:58,-07:00,2025-04-25T23:06:58-07:00,0,12
style.css,172,css,f585b5ec,vdhanda4,2025-05-02,23:36:41,-07:00,2025-05-02T23:36:41-07:00,0,0
style.css,173,css,f585b5ec,vdhanda4,2025-05-02,23:36:41,-07:00,2025-05-02T23:36:41-07:00,0,18
style.css,174,css,f585b5ec,vdhanda4,2025-05-02,23:36:41,-07:00,2025-05-02T23:36:41-07:00,0,13
style.css,175,css,24ffa5bb,vdhanda4,2025-05-12,20:06:25,-07:00,2025-05-12T20:06:25-07:00,0,37
style.css,176,css,f585b5ec,vdhanda4,2025-05-02,23:36:41,-07:00,2025-05-02T23:36:41-07:00,0,9
style.css,177,css,f585b5ec,vdhanda4,2025-05-02,23:36:41,-07:00,2025-05-02T23:36:41-07:00,0,18
style.css,178,css,f585b5ec,vdhanda4,2025-05-02,23:36:41,-07:00,2025-05-02T23:36:41-07:00,0,10
style.css,179,css,f585b5ec,vdhanda4,2025-05-02,23:36:41,-07:00,2025-05-02T23:36:41-07:00,0,0
style.css,180,css,f585b5ec,vdhanda4,2025-05-02,23:36:41,-07:00,2025-05-02T23:36:41-07:00,0,0
style.css,181,css,f585b5ec,vdhanda4,2025-05-02,23:36:41,-07:00,2025-05-02T23:36:41-07:00,0,17
style.css,182,css,f585b5ec,vdhanda4,2025-05-02,23:36:41,-07:00,2025-05-02T23:36:41-07:00,0,18
style.css,183,css,f585b5ec,vdhanda4,2025-05-02,23:36:41,-07:00,2025-05-02T23:36:41-07:00,0,9
style.css,184,css,f585b5ec,vdhanda4,2025-05-02,23:36:41,-07:00,2025-05-02T23:36:41-07:00,0,18
style.css,185,css,f585b5ec,vdhanda4,2025-05-02,23:36:41,-07:00,2025-05-02T23:36:41-07:00,0,0
style.css,186,css,f585b5ec,vdhanda4,2025-05-02,23:36:41,-07:00,2025-05-02T23:36:41-07:00,0,0
style.css,187,css,f585b5ec,vdhanda4,2025-05-02,23:36:41,-07:00,2025-05-02T23:36:41-07:00,0,18
style.css,188,css,f585b5ec,vdhanda4,2025-05-02,23:36:41,-07:00,2025-05-02T23:36:41-07:00,0,17
style.css,189,css,24ffa5bb,vdhanda4,2025-05-12,20:06:25,-07:00,2025-05-12T20:06:25-07:00,0,0
style.css,190,css,24ffa5bb,vdhanda4,2025-05-12,20:06:25,-07:00,2025-05-12T20:06:25-07:00,0,0
style.css,191,css,24ffa5bb,vdhanda4,2025-05-12,20:06:25,-07:00,2025-05-12T20:06:25-07:00,0,25
style.css,192,css,24ffa5bb,vdhanda4,2025-05-12,20:06:25,-07:00,2025-05-12T20:06:25-07:00,0,13
style.css,193,css,24ffa5bb,vdhanda4,2025-05-12,20:06:25,-07:00,2025-05-12T20:06:25-07:00,0,23
style.css,194,css,24ffa5bb,vdhanda4,2025-05-12,20:06:25,-07:00,2025-05-12T20:06:25-07:00,0,14
style.css,195,css,24ffa5bb,vdhanda4,2025-05-12,20:06:25,-07:00,2025-05-12T20:06:25-07:00,0,0
style.css,196,css,24ffa5bb,vdhanda4,2025-05-12,20:06:25,-07:00,2025-05-12T20:06:25-07:00,0,0
style.css,197,css,24ffa5bb,vdhanda4,2025-05-12,20:06:25,-07:00,2025-05-12T20:06:25-07:00,0,11
style.css,198,css,24ffa5bb,vdhanda4,2025-05-12,20:06:25,-07:00,2025-05-12T20:06:25-07:00,0,13
style.css,199,css,24ffa5bb,vdhanda4,2025-05-12,20:06:25,-07:00,2025-05-12T20:06:25-07:00,0,23
style.css,200,css,24ffa5bb,vdhanda4,2025-05-12,20:06:25,-07:00,2025-05-12T20:06:25-07:00,0,19
style.css,201,css,24ffa5bb,vdhanda4,2025-05-12,20:06:25,-07:00,2025-05-12T20:06:25-07:00,0,8
style.css,202,css,24ffa5bb,vdhanda4,2025-05-12,20:06:25,-07:00,2025-05-12T20:06:25-07:00,0,17
style.css,203,css,24ffa5bb,vdhanda4,2025-05-12,20:06:25,-07:00,2025-05-12T20:06:25-07:00,0,15
style.css,204,css,24ffa5bb,vdhanda4,2025-05-12,20:06:25,-07:00,2025-05-12T20:06:25-07:00,0,0
style.css,205,css,24ffa5bb,vdhanda4,2025-05-12,20:06:25,-07:00,2025-05-12T20:06:25-07:00,0,0
style.css,206,css,24ffa5bb,vdhanda4,2025-05-12,20:06:25,-07:00,2025-05-12T20:06:25-07:00,0,15
style.css,207,css,24ffa5bb,vdhanda4,2025-05-12,20:06:25,-07:00,2025-05-12T20:06:25-07:00,0,15
style.css,208,css,24ffa5bb,vdhanda4,2025-05-12,20:06:25,-07:00,2025-05-12T20:06:25-07:00,0,17
style.css,209,css,24ffa5bb,vdhanda4,2025-05-12,20:06:25,-07:00,2025-05-12T20:06:25-07:00,0,17
style.css,210,css,24ffa5bb,vdhanda4,2025-05-12,20:06:25,-07:00,2025-05-12T20:06:25-07:00,0,21
style.css,211,css,24ffa5bb,vdhanda4,2025-05-12,20:06:25,-07:00,2025-05-12T20:06:25-07:00,0,0
style.css,212,css,24ffa5bb,vdhanda4,2025-05-12,20:06:25,-07:00,2025-05-12T20:06:25-07:00,0,0
style.css,213,css,24ffa5bb,vdhanda4,2025-05-12,20:06:25,-07:00,2025-05-12T20:06:25-07:00,0,8
style.css,214,css,24ffa5bb,vdhanda4,2025-05-12,20:06:25,-07:00,2025-05-12T20:06:25-07:00,0,13
style.css,215,css,24ffa5bb,vdhanda4,2025-05-12,20:06:25,-07:00,2025-05-12T20:06:25-07:00,0,15
style.css,216,css,24ffa5bb,vdhanda4,2025-05-12,20:06:25,-07:00,2025-05-12T20:06:25-07:00,0,10
style.css,217,css,24ffa5bb,vdhanda4,2025-05-12,20:06:25,-07:00,2025-05-12T20:06:25-07:00,0,13
style.css,218,css,24ffa5bb,vdhanda4,2025-05-12,20:06:25,-07:00,2025-05-12T20:06:25-07:00,0,12
style.css,219,css,24ffa5bb,vdhanda4,2025-05-12,20:06:25,-07:00,2025-05-12T20:06:25-07:00,0,22
style.css,220,css,24ffa5bb,vdhanda4,2025-05-12,20:06:25,-07:00,2025-05-12T20:06:25-07:00,0,18
style.css,221,css,24ffa5bb,vdhanda4,2025-05-12,20:06:25,-07:00,2025-05-12T20:06:25-07:00,0,25
style.css,222,css,24ffa5bb,vdhanda4,2025-05-12,20:06:25,-07:00,2025-05-12T20:06:25-07:00,0,16
style.css,223,css,24ffa5bb,vdhanda4,2025-05-12,20:06:25,-07:00,2025-05-12T20:06:25-07:00,0,7
style.css,224,css,24ffa5bb,vdhanda4,2025-05-12,20:06:25,-07:00,2025-05-12T20:06:25-07:00,0,0
style.css,225,css,24ffa5bb,vdhanda4,2025-05-12,20:06:25,-07:00,2025-05-12T20:06:25-07:00,0,0
style.css,226,css,24ffa5bb,vdhanda4,2025-05-12,20:06:25,-07:00,2025-05-12T20:06:25-07:00,0,11
style.css,227,css,24ffa5bb,vdhanda4,2025-05-12,20:06:25,-07:00,2025-05-12T20:06:25-07:00,0,13
style.css,228,css,24ffa5bb,vdhanda4,2025-05-12,20:06:25,-07:00,2025-05-12T20:06:25-07:00,0,19
style.css,229,css,24ffa5bb,vdhanda4,2025-05-12,20:06:25,-07:00,2025-05-12T20:06:25-07:00,0,10
style.css,230,css,24ffa5bb,vdhanda4,2025-05-12,20:06:25,-07:00,2025-05-12T20:06:25-07:00,0,12
style.css,231,css,24ffa5bb,vdhanda4,2025-05-12,20:06:25,-07:00,2025-05-12T20:06:25-07:00,0,22
style.css,232,css,24ffa5bb,vdhanda4,2025-05-12,20:06:25,-07:00,2025-05-12T20:06:25-07:00,0,18
style.css,233,css,24ffa5bb,vdhanda4,2025-05-12,20:06:25,-07:00,2025-05-12T20:06:25-07:00,0,0
style.css,234,css,24ffa5bb,vdhanda4,2025-05-12,20:06:25,-07:00,2025-05-12T20:06:25-07:00,0,0
style.css,235,css,24ffa5bb,vdhanda4,2025-05-12,20:06:25,-07:00,2025-05-12T20:06:25-07:00,0,8
style.css,236,css,24ffa5bb,vdhanda4,2025-05-12,20:06:25,-07:00,2025-05-12T20:06:25-07:00,0,21
style.css,237,css,24ffa5bb,vdhanda4,2025-05-12,20:06:25,-07:00,2025-05-12T20:06:25-07:00,0,10
style.css,238,css,24ffa5bb,vdhanda4,2025-05-12,20:06:25,-07:00,2025-05-12T20:06:25-07:00,0,11
style.css,239,css,24ffa5bb,vdhanda4,2025-05-12,20:06:25,-07:00,2025-05-12T20:06:25-07:00,0,18
style.css,240,css,24ffa5bb,vdhanda4,2025-05-12,20:06:25,-07:00,2025-05-12T20:06:25-07:00,0,30
style.css,241,css,24ffa5bb,vdhanda4,2025-05-12,20:06:25,-07:00,2025-05-12T20:06:25-07:00,0,0
style.css,242,css,24ffa5bb,vdhanda4,2025-05-12,20:06:25,-07:00,2025-05-12T20:06:25-07:00,0,0
style.css,243,css,24ffa5bb,vdhanda4,2025-05-12,20:06:25,-07:00,2025-05-12T20:06:25-07:00,0,5
style.css,244,css,24ffa5bb,vdhanda4,2025-05-12,20:06:25,-07:00,2025-05-12T20:06:25-07:00,0,17
style.css,245,css,24ffa5bb,vdhanda4,2025-05-12,20:06:25,-07:00,2025-05-12T20:06:25-07:00,0,15
style.css,246,css,24ffa5bb,vdhanda4,2025-05-12,20:06:25,-07:00,2025-05-12T20:06:25-07:00,0,0
style.css,247,css,24ffa5bb,vdhanda4,2025-05-12,20:06:25,-07:00,2025-05-12T20:06:25-07:00,0,0
style.css,248,css,24ffa5bb,vdhanda4,2025-05-12,20:06:25,-07:00,2025-05-12T20:06:25-07:00,0,37
style.css,249,css,24ffa5bb,vdhanda4,2025-05-12,20:06:25,-07:00,2025-05-12T20:06:25-07:00,0,12
style.css,250,css,24ffa5bb,vdhanda4,2025-05-12,20:06:25,-07:00,2025-05-12T20:06:25-07:00,0,0
style.css,251,css,24ffa5bb,vdhanda4,2025-05-12,20:06:25,-07:00,2025-05-12T20:06:25-07:00,0,0
style.css,252,css,24ffa5bb,vdhanda4,2025-05-12,20:06:25,-07:00,2025-05-12T20:06:25-07:00,0,10
style.css,253,css,24ffa5bb,vdhanda4,2025-05-12,20:06:25,-07:00,2025-05-12T20:06:25-07:00,0,36
style.css,254,css,24ffa5bb,vdhanda4,2025-05-12,20:06:25,-07:00,2025-05-12T20:06:25-07:00,0,0
style.css,255,css,24ffa5bb,vdhanda4,2025-05-12,20:06:25,-07:00,2025-05-12T20:06:25-07:00,0,0
style.css,256,css,24ffa5bb,vdhanda4,2025-05-12,20:06:25,-07:00,2025-05-12T20:06:25-07:00,0,16
style.css,257,css,24ffa5bb,vdhanda4,2025-05-12,20:06:25,-07:00,2025-05-12T20:06:25-07:00,0,34
style.css,258,css,24ffa5bb,vdhanda4,2025-05-12,20:06:25,-07:00,2025-05-12T20:06:25-07:00,0,0
style.css,259,css,24ffa5bb,vdhanda4,2025-05-12,20:06:25,-07:00,2025-05-12T20:06:25-07:00,0,0
style.css,260,css,24ffa5bb,vdhanda4,2025-05-12,20:06:25,-07:00,2025-05-12T20:06:25-07:00,0,13
style.css,261,css,24ffa5bb,vdhanda4,2025-05-12,20:06:25,-07:00,2025-05-12T20:06:25-07:00,0,35
style.css,262,css,24ffa5bb,vdhanda4,2025-05-12,20:06:25,-07:00,2025-05-12T20:06:25-07:00,0,12
style.css,263,css,24ffa5bb,vdhanda4,2025-05-12,20:06:25,-07:00,2025-05-12T20:06:25-07:00,0,0
style.css,264,css,24ffa5bb,vdhanda4,2025-05-12,20:06:25,-07:00,2025-05-12T20:06:25-07:00,0,0
index.js,1,js,f585b5ec,vdhanda4,2025-05-02,23:36:41,-07:00,2025-05-02T23:36:41-07:00,0,72
index.js,2,js,f585b5ec,vdhanda4,2025-05-02,23:36:41,-07:00,2025-05-02T23:36:41-07:00,0,0
index.js,3,js,f585b5ec,vdhanda4,2025-05-02,23:36:41,-07:00,2025-05-02T23:36:41-07:00,0,22
index.js,4,js,f585b5ec,vdhanda4,2025-05-02,23:36:41,-07:00,2025-05-02T23:36:41-07:00,0,55
index.js,5,js,f585b5ec,vdhanda4,2025-05-02,23:36:41,-07:00,2025-05-02T23:36:41-07:00,0,43
index.js,6,js,f585b5ec,vdhanda4,2025-05-02,23:36:41,-07:00,2025-05-02T23:36:41-07:00,0,0
index.js,7,js,f585b5ec,vdhanda4,2025-05-02,23:36:41,-07:00,2025-05-02T23:36:41-07:00,0,52
index.js,8,js,f585b5ec,vdhanda4,2025-05-02,23:36:41,-07:00,2025-05-02T23:36:41-07:00,0,39
index.js,9,js,f585b5ec,vdhanda4,2025-05-02,23:36:41,-07:00,2025-05-02T23:36:41-07:00,0,0
index.js,10,js,f585b5ec,vdhanda4,2025-05-02,23:36:41,-07:00,2025-05-02T23:36:41-07:00,0,61
index.js,11,js,f585b5ec,vdhanda4,2025-05-02,23:36:41,-07:00,2025-05-02T23:36:41-07:00,0,55
index.js,12,js,f585b5ec,vdhanda4,2025-05-02,23:36:41,-07:00,2025-05-02T23:36:41-07:00,0,0
index.js,13,js,f585b5ec,vdhanda4,2025-05-02,23:36:41,-07:00,2025-05-02T23:36:41-07:00,0,61
index.js,14,js,f585b5ec,vdhanda4,2025-05-02,23:36:41,-07:00,2025-05-02T23:36:41-07:00,0,18
index.js,15,js,f585b5ec,vdhanda4,2025-05-02,23:36:41,-07:00,2025-05-02T23:36:41-07:00,0,25
index.js,16,js,f585b5ec,vdhanda4,2025-05-02,23:36:41,-07:00,2025-05-02T23:36:41-07:00,0,3
index.js,17,js,f585b5ec,vdhanda4,2025-05-02,23:36:41,-07:00,2025-05-02T23:36:41-07:00,0,56
index.js,18,js,f585b5ec,vdhanda4,2025-05-02,23:36:41,-07:00,2025-05-02T23:36:41-07:00,0,56
index.js,19,js,f585b5ec,vdhanda4,2025-05-02,23:36:41,-07:00,2025-05-02T23:36:41-07:00,0,50
index.js,20,js,f585b5ec,vdhanda4,2025-05-02,23:36:41,-07:00,2025-05-02T23:36:41-07:00,0,50
index.js,21,js,f585b5ec,vdhanda4,2025-05-02,23:36:41,-07:00,2025-05-02T23:36:41-07:00,0,4
index.js,22,js,f585b5ec,vdhanda4,2025-05-02,23:36:41,-07:00,2025-05-02T23:36:41-07:00,0,1
index.js,23,js,f585b5ec,vdhanda4,2025-05-02,23:36:41,-07:00,2025-05-02T23:36:41-07:00,0,0
index.js,24,js,f585b5ec,vdhanda4,2025-05-02,23:36:41,-07:00,2025-05-02T23:36:41-07:00,0,0
index.js,25,js,f585b5ec,vdhanda4,2025-05-02,23:36:41,-07:00,2025-05-02T23:36:41-07:00,0,0
index.js,26,js,f585b5ec,vdhanda4,2025-05-02,23:36:41,-07:00,2025-05-02T23:36:41-07:00,0,6
index.html,1,html,060eb1c7,vdhanda4,2025-04-04,20:51:07,-07:00,2025-04-04T20:51:07-07:00,0,14
index.html,2,html,060eb1c7,vdhanda4,2025-04-04,20:51:07,-07:00,2025-04-04T20:51:07-07:00,0,15
index.html,3,html,060eb1c7,vdhanda4,2025-04-04,20:51:07,-07:00,2025-04-04T20:51:07-07:00,0,5
index.html,4,html,060eb1c7,vdhanda4,2025-04-04,20:51:07,-07:00,2025-04-04T20:51:07-07:00,0,21
index.html,5,html,060eb1c7,vdhanda4,2025-04-04,20:51:07,-07:00,2025-04-04T20:51:07-07:00,0,52
index.html,6,html,060eb1c7,vdhanda4,2025-04-04,20:51:07,-07:00,2025-04-04T20:51:07-07:00,0,69
index.html,7,html,060eb1c7,vdhanda4,2025-04-04,20:51:07,-07:00,2025-04-04T20:51:07-07:00,0,56
index.html,8,html,23a3d1f9,vdhanda4,2025-04-04,21:08:46,-07:00,2025-04-04T21:08:46-07:00,0,39
index.html,9,html,6b1ee998,vdhanda4,2025-04-25,21:55:14,-07:00,2025-04-25T21:55:14-07:00,0,46
index.html,10,html,f585b5ec,vdhanda4,2025-05-02,23:36:41,-07:00,2025-05-02T23:36:41-07:00,0,53
index.html,11,html,060eb1c7,vdhanda4,2025-04-04,20:51:07,-07:00,2025-04-04T20:51:07-07:00,0,6
index.html,12,html,060eb1c7,vdhanda4,2025-04-04,20:51:07,-07:00,2025-04-04T20:51:07-07:00,0,5
index.html,13,html,060eb1c7,vdhanda4,2025-04-04,20:51:07,-07:00,2025-04-04T20:51:07-07:00,0,21
index.html,14,html,c79516e1,vdhanda4,2025-04-04,22:17:26,-07:00,2025-04-04T22:17:26-07:00,0,3
index.html,15,html,8ba1947e,vdhanda4,2025-04-04,22:20:23,-07:00,2025-04-04T22:20:23-07:00,0,116
index.html,16,html,8ba1947e,vdhanda4,2025-04-04,22:20:23,-07:00,2025-04-04T22:20:23-07:00,0,79
index.html,17,html,2d586e24,vdhanda4,2025-04-04,22:35:52,-07:00,2025-04-04T22:35:52-07:00,0,51
index.html,18,html,f585b5ec,vdhanda4,2025-05-02,23:36:41,-07:00,2025-05-02T23:36:41-07:00,0,23
index.html,19,html,f585b5ec,vdhanda4,2025-05-02,23:36:41,-07:00,2025-05-02T23:36:41-07:00,0,27
index.html,20,html,f585b5ec,vdhanda4,2025-05-02,23:36:41,-07:00,2025-05-02T23:36:41-07:00,0,20
index.html,21,html,f585b5ec,vdhanda4,2025-05-02,23:36:41,-07:00,2025-05-02T23:36:41-07:00,0,29
index.html,22,html,060eb1c7,vdhanda4,2025-04-04,20:51:07,-07:00,2025-04-04T20:51:07-07:00,0,6
index.html,23,html,060eb1c7,vdhanda4,2025-04-04,20:51:07,-07:00,2025-04-04T20:51:07-07:00,0,6
global.js,1,js,6b1ee998,vdhanda4,2025-04-25,21:55:14,-07:00,2025-04-25T21:55:14-07:00,0,26
global.js,2,js,6b1ee998,vdhanda4,2025-04-25,21:55:14,-07:00,2025-04-25T21:55:14-07:00,0,0
global.js,3,js,6b1ee998,vdhanda4,2025-04-25,21:55:14,-07:00,2025-04-25T21:55:14-07:00,0,42
global.js,4,js,6b1ee998,vdhanda4,2025-04-25,21:55:14,-07:00,2025-04-25T21:55:14-07:00,0,53
global.js,5,js,6b1ee998,vdhanda4,2025-04-25,21:55:14,-07:00,2025-04-25T21:55:14-07:00,0,0
global.js,6,js,1d4c4c23,vdhanda4,2025-04-25,22:57:21,-07:00,2025-04-25T22:57:21-07:00,0,16
global.js,7,js,1d4c4c23,vdhanda4,2025-04-25,22:57:21,-07:00,2025-04-25T22:57:21-07:00,0,69
global.js,8,js,1d4c4c23,vdhanda4,2025-04-25,22:57:21,-07:00,2025-04-25T22:57:21-07:00,0,4
global.js,9,js,1d4c4c23,vdhanda4,2025-04-25,22:57:21,-07:00,2025-04-25T22:57:21-07:00,0,15
global.js,10,js,1d4c4c23,vdhanda4,2025-04-25,22:57:21,-07:00,2025-04-25T22:57:21-07:00,0,0
global.js,11,js,1d4c4c23,vdhanda4,2025-04-25,22:57:21,-07:00,2025-04-25T22:57:21-07:00,0,14
global.js,12,js,1d4c4c23,vdhanda4,2025-04-25,22:57:21,-07:00,2025-04-25T22:57:21-07:00,0,26
global.js,13,js,1d4c4c23,vdhanda4,2025-04-25,22:57:21,-07:00,2025-04-25T22:57:21-07:00,0,39
global.js,14,js,1d4c4c23,vdhanda4,2025-04-25,22:57:21,-07:00,2025-04-25T22:57:21-07:00,0,35
global.js,15,js,1d4c4c23,vdhanda4,2025-04-25,22:57:21,-07:00,2025-04-25T22:57:21-07:00,0,37
global.js,16,js,00000000,Not Committed Yet,2025-05-12,20:47:32,-07:00,2025-05-12T20:47:32-07:00,0,32
global.js,17,js,00000000,Not Committed Yet,2025-05-12,20:47:32,-07:00,2025-05-12T20:47:32-07:00,0,54
global.js,18,js,1d4c4c23,vdhanda4,2025-04-25,22:57:21,-07:00,2025-04-25T22:57:21-07:00,0,1
global.js,19,js,1d4c4c23,vdhanda4,2025-04-25,22:57:21,-07:00,2025-04-25T22:57:21-07:00,0,0
global.js,20,js,1d4c4c23,vdhanda4,2025-04-25,22:57:21,-07:00,2025-04-25T22:57:21-07:00,0,39
global.js,21,js,1d4c4c23,vdhanda4,2025-04-25,22:57:21,-07:00,2025-04-25T22:57:21-07:00,0,26
global.js,22,js,1d4c4c23,vdhanda4,2025-04-25,22:57:21,-07:00,2025-04-25T22:57:21-07:00,0,0
global.js,23,js,1d4c4c23,vdhanda4,2025-04-25,22:57:21,-07:00,2025-04-25T22:57:21-07:00,0,21
global.js,24,js,1d4c4c23,vdhanda4,2025-04-25,22:57:21,-07:00,2025-04-25T22:57:21-07:00,0,15
global.js,25,js,1d4c4c23,vdhanda4,2025-04-25,22:57:21,-07:00,2025-04-25T22:57:21-07:00,0,19
global.js,26,js,1d4c4c23,vdhanda4,2025-04-25,22:57:21,-07:00,2025-04-25T22:57:21-07:00,0,29
global.js,27,js,1d4c4c23,vdhanda4,2025-04-25,22:57:21,-07:00,2025-04-25T22:57:21-07:00,0,21
global.js,28,js,1d4c4c23,vdhanda4,2025-04-25,22:57:21,-07:00,2025-04-25T22:57:21-07:00,0,0
global.js,29,js,1d4c4c23,vdhanda4,2025-04-25,22:57:21,-07:00,2025-04-25T22:57:21-07:00,0,35
global.js,30,js,1d4c4c23,vdhanda4,2025-04-25,22:57:21,-07:00,2025-04-25T22:57:21-07:00,0,12
global.js,31,js,1d4c4c23,vdhanda4,2025-04-25,22:57:21,-07:00,2025-04-25T22:57:21-07:00,0,21
global.js,32,js,1d4c4c23,vdhanda4,2025-04-25,22:57:21,-07:00,2025-04-25T22:57:21-07:00,0,0
global.js,33,js,1d4c4c23,vdhanda4,2025-04-25,22:57:21,-07:00,2025-04-25T22:57:21-07:00,0,0
global.js,34,js,1d4c4c23,vdhanda4,2025-04-25,22:57:21,-07:00,2025-04-25T22:57:21-07:00,0,66
global.js,35,js,1d4c4c23,vdhanda4,2025-04-25,22:57:21,-07:00,2025-04-25T22:57:21-07:00,0,26
global.js,36,js,1d4c4c23,vdhanda4,2025-04-25,22:57:21,-07:00,2025-04-25T22:57:21-07:00,0,0
global.js,37,js,1d4c4c23,vdhanda4,2025-04-25,22:57:21,-07:00,2025-04-25T22:57:21-07:00,0,30
global.js,38,js,1d4c4c23,vdhanda4,2025-04-25,22:57:21,-07:00,2025-04-25T22:57:21-07:00,0,19
global.js,39,js,1d4c4c23,vdhanda4,2025-04-25,22:57:21,-07:00,2025-04-25T22:57:21-07:00,0,0
global.js,40,js,1d4c4c23,vdhanda4,2025-04-25,22:57:21,-07:00,2025-04-25T22:57:21-07:00,0,0
global.js,41,js,f585b5ec,vdhanda4,2025-05-02,23:36:41,-07:00,2025-05-02T23:36:41-07:00,0,0
global.js,42,js,1d4c4c23,vdhanda4,2025-04-25,22:57:21,-07:00,2025-04-25T22:57:21-07:00,0,12
global.js,43,js,1d4c4c23,vdhanda4,2025-04-25,22:57:21,-07:00,2025-04-25T22:57:21-07:00,0,0
global.js,44,js,1d4c4c23,vdhanda4,2025-04-25,22:57:21,-07:00,2025-04-25T22:57:21-07:00,0,32
global.js,45,js,1d4c4c23,vdhanda4,2025-04-25,22:57:21,-07:00,2025-04-25T22:57:21-07:00,0,12
global.js,46,js,1d4c4c23,vdhanda4,2025-04-25,22:57:21,-07:00,2025-04-25T22:57:21-07:00,0,0
global.js,47,js,1d4c4c23,vdhanda4,2025-04-25,22:57:21,-07:00,2025-04-25T22:57:21-07:00,0,27
global.js,48,js,1d4c4c23,vdhanda4,2025-04-25,22:57:21,-07:00,2025-04-25T22:57:21-07:00,0,5
global.js,49,js,1d4c4c23,vdhanda4,2025-04-25,22:57:21,-07:00,2025-04-25T22:57:21-07:00,0,25
global.js,50,js,1d4c4c23,vdhanda4,2025-04-25,22:57:21,-07:00,2025-04-25T22:57:21-07:00,0,44
global.js,51,js,1d4c4c23,vdhanda4,2025-04-25,22:57:21,-07:00,2025-04-25T22:57:21-07:00,0,35
global.js,52,js,1d4c4c23,vdhanda4,2025-04-25,22:57:21,-07:00,2025-04-25T22:57:21-07:00,0,33
global.js,53,js,1d4c4c23,vdhanda4,2025-04-25,22:57:21,-07:00,2025-04-25T22:57:21-07:00,0,8
global.js,54,js,1d4c4c23,vdhanda4,2025-04-25,22:57:21,-07:00,2025-04-25T22:57:21-07:00,0,7
global.js,55,js,1d4c4c23,vdhanda4,2025-04-25,22:57:21,-07:00,2025-04-25T22:57:21-07:00,0,0
global.js,56,js,1d4c4c23,vdhanda4,2025-04-25,22:57:21,-07:00,2025-04-25T22:57:21-07:00,0,1
global.js,57,js,1d4c4c23,vdhanda4,2025-04-25,22:57:21,-07:00,2025-04-25T22:57:21-07:00,0,52
global.js,58,js,1d4c4c23,vdhanda4,2025-04-25,22:57:21,-07:00,2025-04-25T22:57:21-07:00,0,0
global.js,59,js,1d4c4c23,vdhanda4,2025-04-25,22:57:21,-07:00,2025-04-25T22:57:21-07:00,0,0
global.js,60,js,1d4c4c23,vdhanda4,2025-04-25,22:57:21,-07:00,2025-04-25T22:57:21-07:00,0,35
global.js,61,js,1d4c4c23,vdhanda4,2025-04-25,22:57:21,-07:00,2025-04-25T22:57:21-07:00,0,36
global.js,62,js,1d4c4c23,vdhanda4,2025-04-25,22:57:21,-07:00,2025-04-25T22:57:21-07:00,0,65
global.js,63,js,1d4c4c23,vdhanda4,2025-04-25,22:57:21,-07:00,2025-04-25T22:57:21-07:00,0,20
global.js,64,js,1d4c4c23,vdhanda4,2025-04-25,22:57:21,-07:00,2025-04-25T22:57:21-07:00,0,0
global.js,65,js,1d4c4c23,vdhanda4,2025-04-25,22:57:21,-07:00,2025-04-25T22:57:21-07:00,0,50
global.js,66,js,1d4c4c23,vdhanda4,2025-04-25,22:57:21,-07:00,2025-04-25T22:57:21-07:00,0,78
global.js,67,js,1d4c4c23,vdhanda4,2025-04-25,22:57:21,-07:00,2025-04-25T22:57:21-07:00,0,45
global.js,68,js,1d4c4c23,vdhanda4,2025-04-25,22:57:21,-07:00,2025-04-25T22:57:21-07:00,0,2
global.js,69,js,1d4c4c23,vdhanda4,2025-04-25,22:57:21,-07:00,2025-04-25T22:57:21-07:00,0,0
global.js,70,js,f585b5ec,vdhanda4,2025-05-02,23:36:41,-07:00,2025-05-02T23:36:41-07:00,0,0
global.js,71,js,f585b5ec,vdhanda4,2025-05-02,23:36:41,-07:00,2025-05-02T23:36:41-07:00,0,37
global.js,72,js,f585b5ec,vdhanda4,2025-05-02,23:36:41,-07:00,2025-05-02T23:36:41-07:00,0,4
global.js,73,js,f585b5ec,vdhanda4,2025-05-02,23:36:41,-07:00,2025-05-02T23:36:41-07:00,0,33
global.js,74,js,f585b5ec,vdhanda4,2025-05-02,23:36:41,-07:00,2025-05-02T23:36:41-07:00,0,0
global.js,75,js,f585b5ec,vdhanda4,2025-05-02,23:36:41,-07:00,2025-05-02T23:36:41-07:00,0,18
global.js,76,js,f585b5ec,vdhanda4,2025-05-02,23:36:41,-07:00,2025-05-02T23:36:41-07:00,0,67
global.js,77,js,f585b5ec,vdhanda4,2025-05-02,23:36:41,-07:00,2025-05-02T23:36:41-07:00,0,0
global.js,78,js,f585b5ec,vdhanda4,2025-05-02,23:36:41,-07:00,2025-05-02T23:36:41-07:00,0,0
global.js,79,js,f585b5ec,vdhanda4,2025-05-02,23:36:41,-07:00,2025-05-02T23:36:41-07:00,0,34
global.js,80,js,f585b5ec,vdhanda4,2025-05-02,23:36:41,-07:00,2025-05-02T23:36:41-07:00,0,11
global.js,81,js,f585b5ec,vdhanda4,2025-05-02,23:36:41,-07:00,2025-05-02T23:36:41-07:00,0,0
global.js,82,js,f585b5ec,vdhanda4,2025-05-02,23:36:41,-07:00,2025-05-02T23:36:41-07:00,0,16
global.js,83,js,f585b5ec,vdhanda4,2025-05-02,23:36:41,-07:00,2025-05-02T23:36:41-07:00,0,60
global.js,84,js,f585b5ec,vdhanda4,2025-05-02,23:36:41,-07:00,2025-05-02T23:36:41-07:00,0,0
global.js,85,js,f585b5ec,vdhanda4,2025-05-02,23:36:41,-07:00,2025-05-02T23:36:41-07:00,0,0
global.js,86,js,f585b5ec,vdhanda4,2025-05-02,23:36:41,-07:00,2025-05-02T23:36:41-07:00,0,80
global.js,87,js,f585b5ec,vdhanda4,2025-05-02,23:36:41,-07:00,2025-05-02T23:36:41-07:00,0,29
global.js,88,js,f585b5ec,vdhanda4,2025-05-02,23:36:41,-07:00,2025-05-02T23:36:41-07:00,0,0
global.js,89,js,f585b5ec,vdhanda4,2025-05-02,23:36:41,-07:00,2025-05-02T23:36:41-07:00,0,58
global.js,90,js,f585b5ec,vdhanda4,2025-05-02,23:36:41,-07:00,2025-05-02T23:36:41-07:00,0,77
global.js,91,js,f585b5ec,vdhanda4,2025-05-02,23:36:41,-07:00,2025-05-02T23:36:41-07:00,0,0
global.js,92,js,f585b5ec,vdhanda4,2025-05-02,23:36:41,-07:00,2025-05-02T23:36:41-07:00,0,31
global.js,93,js,f585b5ec,vdhanda4,2025-05-02,23:36:41,-07:00,2025-05-02T23:36:41-07:00,0,0
global.js,94,js,f585b5ec,vdhanda4,2025-05-02,23:36:41,-07:00,2025-05-02T23:36:41-07:00,0,40
global.js,95,js,f585b5ec,vdhanda4,2025-05-02,23:36:41,-07:00,2025-05-02T23:36:41-07:00,0,56
global.js,96,js,f585b5ec,vdhanda4,2025-05-02,23:36:41,-07:00,2025-05-02T23:36:41-07:00,0,6
global.js,97,js,f585b5ec,vdhanda4,2025-05-02,23:36:41,-07:00,2025-05-02T23:36:41-07:00,0,0
global.js,98,js,f585b5ec,vdhanda4,2025-05-02,23:36:41,-07:00,2025-05-02T23:36:41-07:00,0,0
global.js,99,js,f585b5ec,vdhanda4,2025-05-02,23:36:41,-07:00,2025-05-02T23:36:41-07:00,0,32
global.js,100,js,f585b5ec,vdhanda4,2025-05-02,23:36:41,-07:00,2025-05-02T23:36:41-07:00,0,49
global.js,101,js,f585b5ec,vdhanda4,2025-05-02,23:36:41,-07:00,2025-05-02T23:36:41-07:00,0,20
global.js,102,js,f585b5ec,vdhanda4,2025-05-02,23:36:41,-07:00,2025-05-02T23:36:41-07:00,0,60
global.js,103,js,f585b5ec,vdhanda4,2025-05-02,23:36:41,-07:00,2025-05-02T23:36:41-07:00,0,75
global.js,104,js,24ffa5bb,vdhanda4,2025-05-12,20:06:25,-07:00,2025-05-12T20:06:25-07:00,0,28
global.js,105,js,24ffa5bb,vdhanda4,2025-05-12,20:06:25,-07:00,2025-05-12T20:06:25-07:00,0,87
global.js,106,js,24ffa5bb,vdhanda4,2025-05-12,20:06:25,-07:00,2025-05-12T20:06:25-07:00,0,58
global.js,107,js,24ffa5bb,vdhanda4,2025-05-12,20:06:25,-07:00,2025-05-12T20:06:25-07:00,0,5
global.js,108,js,f585b5ec,vdhanda4,2025-05-02,23:36:41,-07:00,2025-05-02T23:36:41-07:00,0,1
global.js,109,js,f585b5ec,vdhanda4,2025-05-02,23:36:41,-07:00,2025-05-02T23:36:41-07:00,0,37
global.js,110,js,f585b5ec,vdhanda4,2025-05-02,23:36:41,-07:00,2025-05-02T23:36:41-07:00,0,0
global.js,111,js,f585b5ec,vdhanda4,2025-05-02,23:36:41,-07:00,2025-05-02T23:36:41-07:00,0,0
global.js,112,js,f585b5ec,vdhanda4,2025-05-02,23:36:41,-07:00,2025-05-02T23:36:41-07:00,0,0
global.js,113,js,24ffa5bb,vdhanda4,2025-05-12,20:06:25,-07:00,2025-05-12T20:06:25-07:00,0,0
global.js,114,js,24ffa5bb,vdhanda4,2025-05-12,20:06:25,-07:00,2025-05-12T20:06:25-07:00,0,0
global.js,115,js,24ffa5bb,vdhanda4,2025-05-12,20:06:25,-07:00,2025-05-12T20:06:25-07:00,0,0
global.js,116,js,f585b5ec,vdhanda4,2025-05-02,23:36:41,-07:00,2025-05-02T23:36:41-07:00,0,48
global.js,117,js,f585b5ec,vdhanda4,2025-05-02,23:36:41,-07:00,2025-05-02T23:36:41-07:00,0,60
global.js,118,js,f585b5ec,vdhanda4,2025-05-02,23:36:41,-07:00,2025-05-02T23:36:41-07:00,0,0
global.js,119,js,f585b5ec,vdhanda4,2025-05-02,23:36:41,-07:00,2025-05-02T23:36:41-07:00,0,0
resume/index.html,1,html,c79516e1,vdhanda4,2025-04-04,22:17:26,-07:00,2025-04-04T22:17:26-07:00,0,14
resume/index.html,2,html,c79516e1,vdhanda4,2025-04-04,22:17:26,-07:00,2025-04-04T22:17:26-07:00,0,15
resume/index.html,3,html,c79516e1,vdhanda4,2025-04-04,22:17:26,-07:00,2025-04-04T22:17:26-07:00,0,5
resume/index.html,4,html,c79516e1,vdhanda4,2025-04-04,22:17:26,-07:00,2025-04-04T22:17:26-07:00,0,21
resume/index.html,5,html,c79516e1,vdhanda4,2025-04-04,22:17:26,-07:00,2025-04-04T22:17:26-07:00,0,52
resume/index.html,6,html,c79516e1,vdhanda4,2025-04-04,22:17:26,-07:00,2025-04-04T22:17:26-07:00,0,69
resume/index.html,7,html,c79516e1,vdhanda4,2025-04-04,22:17:26,-07:00,2025-04-04T22:17:26-07:00,0,34
resume/index.html,8,html,ddbb2a3c,vdhanda4,2025-04-25,21:06:35,-07:00,2025-04-25T21:06:35-07:00,0,42
resume/index.html,9,html,6b1ee998,vdhanda4,2025-04-25,21:55:14,-07:00,2025-04-25T21:55:14-07:00,0,49
resume/index.html,10,html,c79516e1,vdhanda4,2025-04-04,22:17:26,-07:00,2025-04-04T22:17:26-07:00,0,6
resume/index.html,11,html,c79516e1,vdhanda4,2025-04-04,22:17:26,-07:00,2025-04-04T22:17:26-07:00,0,5
resume/index.html,12,html,c79516e1,vdhanda4,2025-04-04,22:17:26,-07:00,2025-04-04T22:17:26-07:00,0,77
resume/index.html,13,html,c79516e1,vdhanda4,2025-04-04,22:17:26,-07:00,2025-04-04T22:17:26-07:00,0,0
resume/index.html,14,html,c79516e1,vdhanda4,2025-04-04,22:17:26,-07:00,2025-04-04T22:17:26-07:00,0,21
resume/index.html,15,html,64d342a4,vdhanda4,2025-04-25,23:06:58,-07:00,2025-04-25T23:06:58-07:00,0,19
resume/index.html,16,html,c79516e1,vdhanda4,2025-04-04,22:17:26,-07:00,2025-04-04T22:17:26-07:00,0,8
resume/index.html,17,html,c79516e1,vdhanda4,2025-04-04,22:17:26,-07:00,2025-04-04T22:17:26-07:00,0,17
resume/index.html,18,html,c79516e1,vdhanda4,2025-04-04,22:17:26,-07:00,2025-04-04T22:17:26-07:00,0,0
resume/index.html,19,html,c79516e1,vdhanda4,2025-04-04,22:17:26,-07:00,2025-04-04T22:17:26-07:00,0,8
resume/index.html,20,html,c79516e1,vdhanda4,2025-04-04,22:17:26,-07:00,2025-04-04T22:17:26-07:00,0,3
resume/index.html,21,html,c79516e1,vdhanda4,2025-04-04,22:17:26,-07:00,2025-04-04T22:17:26-07:00,0,34
resume/index.html,22,html,c79516e1,vdhanda4,2025-04-04,22:17:26,-07:00,2025-04-04T22:17:26-07:00,0,43
resume/index.html,23,html,c79516e1,vdhanda4,2025-04-04,22:17:26,-07:00,2025-04-04T22:17:26-07:00,0,4
resume/index.html,24,html,c79516e1,vdhanda4,2025-04-04,22:17:26,-07:00,2025-04-04T22:17:26-07:00,0,3
resume/index.html,25,html,c79516e1,vdhanda4,2025-04-04,22:17:26,-07:00,2025-04-04T22:17:26-07:00,0,43
resume/index.html,26,html,c79516e1,vdhanda4,2025-04-04,22:17:26,-07:00,2025-04-04T22:17:26-07:00,0,16
resume/index.html,27,html,c79516e1,vdhanda4,2025-04-04,22:17:26,-07:00,2025-04-04T22:17:26-07:00,0,201
resume/index.html,28,html,c79516e1,vdhanda4,2025-04-04,22:17:26,-07:00,2025-04-04T22:17:26-07:00,0,4
resume/index.html,29,html,c79516e1,vdhanda4,2025-04-04,22:17:26,-07:00,2025-04-04T22:17:26-07:00,0,9
resume/index.html,30,html,c79516e1,vdhanda4,2025-04-04,22:17:26,-07:00,2025-04-04T22:17:26-07:00,0,0
resume/index.html,31,html,c79516e1,vdhanda4,2025-04-04,22:17:26,-07:00,2025-04-04T22:17:26-07:00,0,8
resume/index.html,32,html,c79516e1,vdhanda4,2025-04-04,22:17:26,-07:00,2025-04-04T22:17:26-07:00,0,3
resume/index.html,33,html,c79516e1,vdhanda4,2025-04-04,22:17:26,-07:00,2025-04-04T22:17:26-07:00,0,32
resume/index.html,34,html,c79516e1,vdhanda4,2025-04-04,22:17:26,-07:00,2025-04-04T22:17:26-07:00,0,53
resume/index.html,35,html,c79516e1,vdhanda4,2025-04-04,22:17:26,-07:00,2025-04-04T22:17:26-07:00,0,4
resume/index.html,36,html,c79516e1,vdhanda4,2025-04-04,22:17:26,-07:00,2025-04-04T22:17:26-07:00,0,3
resume/index.html,37,html,c79516e1,vdhanda4,2025-04-04,22:17:26,-07:00,2025-04-04T22:17:26-07:00,0,30
resume/index.html,38,html,c79516e1,vdhanda4,2025-04-04,22:17:26,-07:00,2025-04-04T22:17:26-07:00,0,132
resume/index.html,39,html,c79516e1,vdhanda4,2025-04-04,22:17:26,-07:00,2025-04-04T22:17:26-07:00,0,4
resume/index.html,40,html,c79516e1,vdhanda4,2025-04-04,22:17:26,-07:00,2025-04-04T22:17:26-07:00,0,9
resume/index.html,41,html,c79516e1,vdhanda4,2025-04-04,22:17:26,-07:00,2025-04-04T22:17:26-07:00,0,0
resume/index.html,42,html,c79516e1,vdhanda4,2025-04-04,22:17:26,-07:00,2025-04-04T22:17:26-07:00,0,8
resume/index.html,43,html,c79516e1,vdhanda4,2025-04-04,22:17:26,-07:00,2025-04-04T22:17:26-07:00,0,3
resume/index.html,44,html,c79516e1,vdhanda4,2025-04-04,22:17:26,-07:00,2025-04-04T22:17:26-07:00,0,26
resume/index.html,45,html,c79516e1,vdhanda4,2025-04-04,22:17:26,-07:00,2025-04-04T22:17:26-07:00,0,43
resume/index.html,46,html,c79516e1,vdhanda4,2025-04-04,22:17:26,-07:00,2025-04-04T22:17:26-07:00,0,4
resume/index.html,47,html,944bf919,vdhanda4,2025-04-04,22:42:37,-07:00,2025-04-04T22:42:37-07:00,0,3
resume/index.html,48,html,944bf919,vdhanda4,2025-04-04,22:42:37,-07:00,2025-04-04T22:42:37-07:00,0,18
resume/index.html,49,html,944bf919,vdhanda4,2025-04-04,22:42:37,-07:00,2025-04-04T22:42:37-07:00,0,4
resume/index.html,50,html,c79516e1,vdhanda4,2025-04-04,22:17:26,-07:00,2025-04-04T22:17:26-07:00,0,9
resume/index.html,51,html,c79516e1,vdhanda4,2025-04-04,22:17:26,-07:00,2025-04-04T22:17:26-07:00,0,9
resume/index.html,52,html,c79516e1,vdhanda4,2025-04-04,22:17:26,-07:00,2025-04-04T22:17:26-07:00,0,0
resume/index.html,53,html,c79516e1,vdhanda4,2025-04-04,22:17:26,-07:00,2025-04-04T22:17:26-07:00,0,8
resume/index.html,54,html,c79516e1,vdhanda4,2025-04-04,22:17:26,-07:00,2025-04-04T22:17:26-07:00,0,18
resume/index.html,55,html,c79516e1,vdhanda4,2025-04-04,22:17:26,-07:00,2025-04-04T22:17:26-07:00,0,8
resume/index.html,56,html,c79516e1,vdhanda4,2025-04-04,22:17:26,-07:00,2025-04-04T22:17:26-07:00,0,31
resume/index.html,57,html,c79516e1,vdhanda4,2025-04-04,22:17:26,-07:00,2025-04-04T22:17:26-07:00,0,51
resume/index.html,58,html,c79516e1,vdhanda4,2025-04-04,22:17:26,-07:00,2025-04-04T22:17:26-07:00,0,4
resume/index.html,59,html,c79516e1,vdhanda4,2025-04-04,22:17:26,-07:00,2025-04-04T22:17:26-07:00,0,3
resume/index.html,60,html,c79516e1,vdhanda4,2025-04-04,22:17:26,-07:00,2025-04-04T22:17:26-07:00,0,37
resume/index.html,61,html,c79516e1,vdhanda4,2025-04-04,22:17:26,-07:00,2025-04-04T22:17:26-07:00,0,58
resume/index.html,62,html,c79516e1,vdhanda4,2025-04-04,22:17:26,-07:00,2025-04-04T22:17:26-07:00,0,72
resume/index.html,63,html,c79516e1,vdhanda4,2025-04-04,22:17:26,-07:00,2025-04-04T22:17:26-07:00,0,4
resume/index.html,64,html,c79516e1,vdhanda4,2025-04-04,22:17:26,-07:00,2025-04-04T22:17:26-07:00,0,9
resume/index.html,65,html,c79516e1,vdhanda4,2025-04-04,22:17:26,-07:00,2025-04-04T22:17:26-07:00,0,8
resume/index.html,66,html,c79516e1,vdhanda4,2025-04-04,22:17:26,-07:00,2025-04-04T22:17:26-07:00,0,39
resume/index.html,67,html,c79516e1,vdhanda4,2025-04-04,22:17:26,-07:00,2025-04-04T22:17:26-07:00,0,56
resume/index.html,68,html,c79516e1,vdhanda4,2025-04-04,22:17:26,-07:00,2025-04-04T22:17:26-07:00,0,3
resume/index.html,69,html,c79516e1,vdhanda4,2025-04-04,22:17:26,-07:00,2025-04-04T22:17:26-07:00,0,45
resume/index.html,70,html,c79516e1,vdhanda4,2025-04-04,22:17:26,-07:00,2025-04-04T22:17:26-07:00,0,68
resume/index.html,71,html,c79516e1,vdhanda4,2025-04-04,22:17:26,-07:00,2025-04-04T22:17:26-07:00,0,4
resume/index.html,72,html,c79516e1,vdhanda4,2025-04-04,22:17:26,-07:00,2025-04-04T22:17:26-07:00,0,9
resume/index.html,73,html,c79516e1,vdhanda4,2025-04-04,22:17:26,-07:00,2025-04-04T22:17:26-07:00,0,9
resume/index.html,74,html,c79516e1,vdhanda4,2025-04-04,22:17:26,-07:00,2025-04-04T22:17:26-07:00,0,0
resume/index.html,75,html,c79516e1,vdhanda4,2025-04-04,22:17:26,-07:00,2025-04-04T22:17:26-07:00,0,0
resume/index.html,76,html,c79516e1,vdhanda4,2025-04-04,22:17:26,-07:00,2025-04-04T22:17:26-07:00,0,0
resume/index.html,77,html,c79516e1,vdhanda4,2025-04-04,22:17:26,-07:00,2025-04-04T22:17:26-07:00,0,8
resume/index.html,78,html,c79516e1,vdhanda4,2025-04-04,22:17:26,-07:00,2025-04-04T22:17:26-07:00,0,29
resume/index.html,79,html,c79516e1,vdhanda4,2025-04-04,22:17:26,-07:00,2025-04-04T22:17:26-07:00,0,3
resume/index.html,80,html,c79516e1,vdhanda4,2025-04-04,22:17:26,-07:00,2025-04-04T22:17:26-07:00,0,97
resume/index.html,81,html,c79516e1,vdhanda4,2025-04-04,22:17:26,-07:00,2025-04-04T22:17:26-07:00,0,197
resume/index.html,82,html,c79516e1,vdhanda4,2025-04-04,22:17:26,-07:00,2025-04-04T22:17:26-07:00,0,4
resume/index.html,83,html,c79516e1,vdhanda4,2025-04-04,22:17:26,-07:00,2025-04-04T22:17:26-07:00,0,9
resume/index.html,84,html,64d342a4,vdhanda4,2025-04-25,23:06:58,-07:00,2025-04-25T23:06:58-07:00,0,5
resume/index.html,85,html,c79516e1,vdhanda4,2025-04-04,22:17:26,-07:00,2025-04-04T22:17:26-07:00,0,0
resume/index.html,86,html,c79516e1,vdhanda4,2025-04-04,22:17:26,-07:00,2025-04-04T22:17:26-07:00,0,6
resume/index.html,87,html,c79516e1,vdhanda4,2025-04-04,22:17:26,-07:00,2025-04-04T22:17:26-07:00,0,6
projects/projects.js,1,js,f585b5ec,vdhanda4,2025-05-02,23:36:41,-07:00,2025-05-02T23:36:41-07:00,0,56
projects/projects.js,2,js,24ffa5bb,vdhanda4,2025-05-12,20:06:25,-07:00,2025-05-12T20:06:25-07:00,0,64
projects/projects.js,3,js,24ffa5bb,vdhanda4,2025-05-12,20:06:25,-07:00,2025-05-12T20:06:25-07:00,0,0
projects/projects.js,4,js,f585b5ec,vdhanda4,2025-05-02,23:36:41,-07:00,2025-05-02T23:36:41-07:00,0,0
projects/projects.js,5,js,f585b5ec,vdhanda4,2025-05-02,23:36:41,-07:00,2025-05-02T23:36:41-07:00,0,56
projects/projects.js,6,js,f585b5ec,vdhanda4,2025-05-02,23:36:41,-07:00,2025-05-02T23:36:41-07:00,0,61
projects/projects.js,7,js,f585b5ec,vdhanda4,2025-05-02,23:36:41,-07:00,2025-05-02T23:36:41-07:00,0,49
projects/projects.js,8,js,f585b5ec,vdhanda4,2025-05-02,23:36:41,-07:00,2025-05-02T23:36:41-07:00,0,57
projects/projects.js,9,js,f585b5ec,vdhanda4,2025-05-02,23:36:41,-07:00,2025-05-02T23:36:41-07:00,0,13
projects/projects.js,10,js,f585b5ec,vdhanda4,2025-05-02,23:36:41,-07:00,2025-05-02T23:36:41-07:00,0,53
projects/projects.js,11,js,f585b5ec,vdhanda4,2025-05-02,23:36:41,-07:00,2025-05-02T23:36:41-07:00,0,0
projects/projects.js,12,js,f585b5ec,vdhanda4,2025-05-02,23:36:41,-07:00,2025-05-02T23:36:41-07:00,0,42
projects/projects.js,13,js,24ffa5bb,vdhanda4,2025-05-12,20:06:25,-07:00,2025-05-12T20:06:25-07:00,0,0
projects/projects.js,14,js,24ffa5bb,vdhanda4,2025-05-12,20:06:25,-07:00,2025-05-12T20:06:25-07:00,0,27
projects/projects.js,15,js,24ffa5bb,vdhanda4,2025-05-12,20:06:25,-07:00,2025-05-12T20:06:25-07:00,0,8
projects/projects.js,16,js,24ffa5bb,vdhanda4,2025-05-12,20:06:25,-07:00,2025-05-12T20:06:25-07:00,0,15
projects/projects.js,17,js,24ffa5bb,vdhanda4,2025-05-12,20:06:25,-07:00,2025-05-12T20:06:25-07:00,0,13
projects/projects.js,18,js,24ffa5bb,vdhanda4,2025-05-12,20:06:25,-07:00,2025-05-12T20:06:25-07:00,0,1
projects/projects.js,19,js,24ffa5bb,vdhanda4,2025-05-12,20:06:25,-07:00,2025-05-12T20:06:25-07:00,0,0
projects/projects.js,20,js,24ffa5bb,vdhanda4,2025-05-12,20:06:25,-07:00,2025-05-12T20:06:25-07:00,0,45
projects/projects.js,21,js,24ffa5bb,vdhanda4,2025-05-12,20:06:25,-07:00,2025-05-12T20:06:25-07:00,0,36
projects/projects.js,22,js,24ffa5bb,vdhanda4,2025-05-12,20:06:25,-07:00,2025-05-12T20:06:25-07:00,0,2
projects/projects.js,23,js,24ffa5bb,vdhanda4,2025-05-12,20:06:25,-07:00,2025-05-12T20:06:25-07:00,0,0
projects/projects.js,24,js,24ffa5bb,vdhanda4,2025-05-12,20:06:25,-07:00,2025-05-12T20:06:25-07:00,0,48
projects/projects.js,25,js,24ffa5bb,vdhanda4,2025-05-12,20:06:25,-07:00,2025-05-12T20:06:25-07:00,0,0
projects/projects.js,26,js,24ffa5bb,vdhanda4,2025-05-12,20:06:25,-07:00,2025-05-12T20:06:25-07:00,0,51
projects/projects.js,27,js,24ffa5bb,vdhanda4,2025-05-12,20:06:25,-07:00,2025-05-12T20:06:25-07:00,0,0
projects/projects.js,28,js,24ffa5bb,vdhanda4,2025-05-12,20:06:25,-07:00,2025-05-12T20:06:25-07:00,0,28
projects/projects.js,29,js,24ffa5bb,vdhanda4,2025-05-12,20:06:25,-07:00,2025-05-12T20:06:25-07:00,0,14
projects/projects.js,30,js,24ffa5bb,vdhanda4,2025-05-12,20:06:25,-07:00,2025-05-12T20:06:25-07:00,0,16
projects/projects.js,31,js,24ffa5bb,vdhanda4,2025-05-12,20:06:25,-07:00,2025-05-12T20:06:25-07:00,0,0
projects/projects.js,32,js,24ffa5bb,vdhanda4,2025-05-12,20:06:25,-07:00,2025-05-12T20:06:25-07:00,0,34
projects/projects.js,33,js,24ffa5bb,vdhanda4,2025-05-12,20:06:25,-07:00,2025-05-12T20:06:25-07:00,0,46
projects/projects.js,34,js,24ffa5bb,vdhanda4,2025-05-12,20:06:25,-07:00,2025-05-12T20:06:25-07:00,0,0
projects/projects.js,35,js,24ffa5bb,vdhanda4,2025-05-12,20:06:25,-07:00,2025-05-12T20:06:25-07:00,0,22
projects/projects.js,36,js,24ffa5bb,vdhanda4,2025-05-12,20:06:25,-07:00,2025-05-12T20:06:25-07:00,0,0
projects/projects.js,37,js,24ffa5bb,vdhanda4,2025-05-12,20:06:25,-07:00,2025-05-12T20:06:25-07:00,0,27
projects/projects.js,38,js,24ffa5bb,vdhanda4,2025-05-12,20:06:25,-07:00,2025-05-12T20:06:25-07:00,0,26
projects/projects.js,39,js,24ffa5bb,vdhanda4,2025-05-12,20:06:25,-07:00,2025-05-12T20:06:25-07:00,0,14
projects/projects.js,40,js,24ffa5bb,vdhanda4,2025-05-12,20:06:25,-07:00,2025-05-12T20:06:25-07:00,0,14
projects/projects.js,41,js,24ffa5bb,vdhanda4,2025-05-12,20:06:25,-07:00,2025-05-12T20:06:25-07:00,0,25
projects/projects.js,42,js,24ffa5bb,vdhanda4,2025-05-12,20:06:25,-07:00,2025-05-12T20:06:25-07:00,0,38
projects/projects.js,43,js,24ffa5bb,vdhanda4,2025-05-12,20:06:25,-07:00,2025-05-12T20:06:25-07:00,0,68
projects/projects.js,44,js,24ffa5bb,vdhanda4,2025-05-12,20:06:25,-07:00,2025-05-12T20:06:25-07:00,0,25
projects/projects.js,45,js,24ffa5bb,vdhanda4,2025-05-12,20:06:25,-07:00,2025-05-12T20:06:25-07:00,0,48
projects/projects.js,46,js,24ffa5bb,vdhanda4,2025-05-12,20:06:25,-07:00,2025-05-12T20:06:25-07:00,0,0
projects/projects.js,47,js,24ffa5bb,vdhanda4,2025-05-12,20:06:25,-07:00,2025-05-12T20:06:25-07:00,0,26
projects/projects.js,48,js,24ffa5bb,vdhanda4,2025-05-12,20:06:25,-07:00,2025-05-12T20:06:25-07:00,0,17
projects/projects.js,49,js,24ffa5bb,vdhanda4,2025-05-12,20:06:25,-07:00,2025-05-12T20:06:25-07:00,0,70
projects/projects.js,50,js,24ffa5bb,vdhanda4,2025-05-12,20:06:25,-07:00,2025-05-12T20:06:25-07:00,0,69
projects/projects.js,51,js,24ffa5bb,vdhanda4,2025-05-12,20:06:25,-07:00,2025-05-12T20:06:25-07:00,0,0
projects/projects.js,52,js,24ffa5bb,vdhanda4,2025-05-12,20:06:25,-07:00,2025-05-12T20:06:25-07:00,0,5
projects/projects.js,53,js,24ffa5bb,vdhanda4,2025-05-12,20:06:25,-07:00,2025-05-12T20:06:25-07:00,0,15
projects/projects.js,54,js,24ffa5bb,vdhanda4,2025-05-12,20:06:25,-07:00,2025-05-12T20:06:25-07:00,0,65
projects/projects.js,55,js,24ffa5bb,vdhanda4,2025-05-12,20:06:25,-07:00,2025-05-12T20:06:25-07:00,0,0
projects/projects.js,56,js,24ffa5bb,vdhanda4,2025-05-12,20:06:25,-07:00,2025-05-12T20:06:25-07:00,0,26
projects/projects.js,57,js,24ffa5bb,vdhanda4,2025-05-12,20:06:25,-07:00,2025-05-12T20:06:25-07:00,0,49
projects/projects.js,58,js,24ffa5bb,vdhanda4,2025-05-12,20:06:25,-07:00,2025-05-12T20:06:25-07:00,0,7
projects/projects.js,59,js,24ffa5bb,vdhanda4,2025-05-12,20:06:25,-07:00,2025-05-12T20:06:25-07:00,0,50
projects/projects.js,60,js,24ffa5bb,vdhanda4,2025-05-12,20:06:25,-07:00,2025-05-12T20:06:25-07:00,0,52
projects/projects.js,61,js,24ffa5bb,vdhanda4,2025-05-12,20:06:25,-07:00,2025-05-12T20:06:25-07:00,0,1
projects/projects.js,62,js,24ffa5bb,vdhanda4,2025-05-12,20:06:25,-07:00,2025-05-12T20:06:25-07:00,0,32
projects/projects.js,63,js,24ffa5bb,vdhanda4,2025-05-12,20:06:25,-07:00,2025-05-12T20:06:25-07:00,0,57
projects/projects.js,64,js,24ffa5bb,vdhanda4,2025-05-12,20:06:25,-07:00,2025-05-12T20:06:25-07:00,0,0
projects/projects.js,65,js,24ffa5bb,vdhanda4,2025-05-12,20:06:25,-07:00,2025-05-12T20:06:25-07:00,0,2
projects/projects.js,66,js,24ffa5bb,vdhanda4,2025-05-12,20:06:25,-07:00,2025-05-12T20:06:25-07:00,0,2
projects/projects.js,67,js,24ffa5bb,vdhanda4,2025-05-12,20:06:25,-07:00,2025-05-12T20:06:25-07:00,0,0
projects/projects.js,68,js,24ffa5bb,vdhanda4,2025-05-12,20:06:25,-07:00,2025-05-12T20:06:25-07:00,0,0
projects/projects.js,69,js,24ffa5bb,vdhanda4,2025-05-12,20:06:25,-07:00,2025-05-12T20:06:25-07:00,0,33
projects/projects.js,70,js,24ffa5bb,vdhanda4,2025-05-12,20:06:25,-07:00,2025-05-12T20:06:25-07:00,0,25
projects/projects.js,71,js,24ffa5bb,vdhanda4,2025-05-12,20:06:25,-07:00,2025-05-12T20:06:25-07:00,0,5
projects/projects.js,72,js,24ffa5bb,vdhanda4,2025-05-12,20:06:25,-07:00,2025-05-12T20:06:25-07:00,0,12
projects/projects.js,73,js,24ffa5bb,vdhanda4,2025-05-12,20:06:25,-07:00,2025-05-12T20:06:25-07:00,0,39
projects/projects.js,74,js,24ffa5bb,vdhanda4,2025-05-12,20:06:25,-07:00,2025-05-12T20:06:25-07:00,0,62
projects/projects.js,75,js,24ffa5bb,vdhanda4,2025-05-12,20:06:25,-07:00,2025-05-12T20:06:25-07:00,0,69
projects/projects.js,76,js,24ffa5bb,vdhanda4,2025-05-12,20:06:25,-07:00,2025-05-12T20:06:25-07:00,0,19
projects/projects.js,77,js,24ffa5bb,vdhanda4,2025-05-12,20:06:25,-07:00,2025-05-12T20:06:25-07:00,0,48
projects/projects.js,78,js,24ffa5bb,vdhanda4,2025-05-12,20:06:25,-07:00,2025-05-12T20:06:25-07:00,0,0
projects/projects.js,79,js,24ffa5bb,vdhanda4,2025-05-12,20:06:25,-07:00,2025-05-12T20:06:25-07:00,0,26
projects/projects.js,80,js,24ffa5bb,vdhanda4,2025-05-12,20:06:25,-07:00,2025-05-12T20:06:25-07:00,0,17
projects/projects.js,81,js,24ffa5bb,vdhanda4,2025-05-12,20:06:25,-07:00,2025-05-12T20:06:25-07:00,0,70
projects/projects.js,82,js,24ffa5bb,vdhanda4,2025-05-12,20:06:25,-07:00,2025-05-12T20:06:25-07:00,0,69
projects/projects.js,83,js,24ffa5bb,vdhanda4,2025-05-12,20:06:25,-07:00,2025-05-12T20:06:25-07:00,0,0
projects/projects.js,84,js,24ffa5bb,vdhanda4,2025-05-12,20:06:25,-07:00,2025-05-12T20:06:25-07:00,0,5
projects/projects.js,85,js,24ffa5bb,vdhanda4,2025-05-12,20:06:25,-07:00,2025-05-12T20:06:25-07:00,0,15
projects/projects.js,86,js,24ffa5bb,vdhanda4,2025-05-12,20:06:25,-07:00,2025-05-12T20:06:25-07:00,0,65
projects/projects.js,87,js,24ffa5bb,vdhanda4,2025-05-12,20:06:25,-07:00,2025-05-12T20:06:25-07:00,0,2
projects/projects.js,88,js,24ffa5bb,vdhanda4,2025-05-12,20:06:25,-07:00,2025-05-12T20:06:25-07:00,0,2
projects/projects.js,89,js,24ffa5bb,vdhanda4,2025-05-12,20:06:25,-07:00,2025-05-12T20:06:25-07:00,0,0
projects/projects.js,90,js,24ffa5bb,vdhanda4,2025-05-12,20:06:25,-07:00,2025-05-12T20:06:25-07:00,0,14
projects/projects.js,91,js,24ffa5bb,vdhanda4,2025-05-12,20:06:25,-07:00,2025-05-12T20:06:25-07:00,0,0
projects/projects.js,92,js,24ffa5bb,vdhanda4,2025-05-12,20:06:25,-07:00,2025-05-12T20:06:25-07:00,0,54
projects/projects.js,93,js,24ffa5bb,vdhanda4,2025-05-12,20:06:25,-07:00,2025-05-12T20:06:25-07:00,0,0
projects/projects.js,94,js,24ffa5bb,vdhanda4,2025-05-12,20:06:25,-07:00,2025-05-12T20:06:25-07:00,0,49
projects/projects.js,95,js,24ffa5bb,vdhanda4,2025-05-12,20:06:25,-07:00,2025-05-12T20:06:25-07:00,0,40
projects/projects.js,96,js,24ffa5bb,vdhanda4,2025-05-12,20:06:25,-07:00,2025-05-12T20:06:25-07:00,0,0
projects/projects.js,97,js,24ffa5bb,vdhanda4,2025-05-12,20:06:25,-07:00,2025-05-12T20:06:25-07:00,0,50
projects/projects.js,98,js,24ffa5bb,vdhanda4,2025-05-12,20:06:25,-07:00,2025-05-12T20:06:25-07:00,0,42
projects/projects.js,99,js,24ffa5bb,vdhanda4,2025-05-12,20:06:25,-07:00,2025-05-12T20:06:25-07:00,0,1
projects/projects.js,100,js,24ffa5bb,vdhanda4,2025-05-12,20:06:25,-07:00,2025-05-12T20:06:25-07:00,0,0
projects/projects.js,101,js,24ffa5bb,vdhanda4,2025-05-12,20:06:25,-07:00,2025-05-12T20:06:25-07:00,0,32
projects/projects.js,102,js,24ffa5bb,vdhanda4,2025-05-12,20:06:25,-07:00,2025-05-12T20:06:25-07:00,0,57
projects/projects.js,103,js,24ffa5bb,vdhanda4,2025-05-12,20:06:25,-07:00,2025-05-12T20:06:25-07:00,0,0
projects/projects.js,104,js,24ffa5bb,vdhanda4,2025-05-12,20:06:25,-07:00,2025-05-12T20:06:25-07:00,0,27
projects/projects.js,105,js,24ffa5bb,vdhanda4,2025-05-12,20:06:25,-07:00,2025-05-12T20:06:25-07:00,0,16
projects/projects.js,106,js,24ffa5bb,vdhanda4,2025-05-12,20:06:25,-07:00,2025-05-12T20:06:25-07:00,0,15
projects/projects.js,107,js,24ffa5bb,vdhanda4,2025-05-12,20:06:25,-07:00,2025-05-12T20:06:25-07:00,0,13
projects/projects.js,108,js,24ffa5bb,vdhanda4,2025-05-12,20:06:25,-07:00,2025-05-12T20:06:25-07:00,0,1
projects/projects.js,109,js,24ffa5bb,vdhanda4,2025-05-12,20:06:25,-07:00,2025-05-12T20:06:25-07:00,0,0
projects/projects.js,110,js,24ffa5bb,vdhanda4,2025-05-12,20:06:25,-07:00,2025-05-12T20:06:25-07:00,0,45
projects/projects.js,111,js,24ffa5bb,vdhanda4,2025-05-12,20:06:25,-07:00,2025-05-12T20:06:25-07:00,0,36
projects/projects.js,112,js,24ffa5bb,vdhanda4,2025-05-12,20:06:25,-07:00,2025-05-12T20:06:25-07:00,0,2
projects/projects.js,113,js,24ffa5bb,vdhanda4,2025-05-12,20:06:25,-07:00,2025-05-12T20:06:25-07:00,0,0
projects/projects.js,114,js,24ffa5bb,vdhanda4,2025-05-12,20:06:25,-07:00,2025-05-12T20:06:25-07:00,0,51
projects/projects.js,115,js,24ffa5bb,vdhanda4,2025-05-12,20:06:25,-07:00,2025-05-12T20:06:25-07:00,0,44
projects/projects.js,116,js,24ffa5bb,vdhanda4,2025-05-12,20:06:25,-07:00,2025-05-12T20:06:25-07:00,0,0
projects/projects.js,117,js,24ffa5bb,vdhanda4,2025-05-12,20:06:25,-07:00,2025-05-12T20:06:25-07:00,0,34
projects/projects.js,118,js,24ffa5bb,vdhanda4,2025-05-12,20:06:25,-07:00,2025-05-12T20:06:25-07:00,0,46
projects/projects.js,119,js,24ffa5bb,vdhanda4,2025-05-12,20:06:25,-07:00,2025-05-12T20:06:25-07:00,0,0
projects/projects.js,120,js,24ffa5bb,vdhanda4,2025-05-12,20:06:25,-07:00,2025-05-12T20:06:25-07:00,0,27
projects/projects.js,121,js,24ffa5bb,vdhanda4,2025-05-12,20:06:25,-07:00,2025-05-12T20:06:25-07:00,0,26
projects/projects.js,122,js,24ffa5bb,vdhanda4,2025-05-12,20:06:25,-07:00,2025-05-12T20:06:25-07:00,0,14
projects/projects.js,123,js,24ffa5bb,vdhanda4,2025-05-12,20:06:25,-07:00,2025-05-12T20:06:25-07:00,0,14
projects/projects.js,124,js,24ffa5bb,vdhanda4,2025-05-12,20:06:25,-07:00,2025-05-12T20:06:25-07:00,0,25
projects/projects.js,125,js,24ffa5bb,vdhanda4,2025-05-12,20:06:25,-07:00,2025-05-12T20:06:25-07:00,0,38
projects/projects.js,126,js,24ffa5bb,vdhanda4,2025-05-12,20:06:25,-07:00,2025-05-12T20:06:25-07:00,0,69
projects/projects.js,127,js,24ffa5bb,vdhanda4,2025-05-12,20:06:25,-07:00,2025-05-12T20:06:25-07:00,0,2
projects/projects.js,128,js,24ffa5bb,vdhanda4,2025-05-12,20:06:25,-07:00,2025-05-12T20:06:25-07:00,0,0
projects/projects.js,129,js,24ffa5bb,vdhanda4,2025-05-12,20:06:25,-07:00,2025-05-12T20:06:25-07:00,0,25
projects/projects.js,130,js,24ffa5bb,vdhanda4,2025-05-12,20:06:25,-07:00,2025-05-12T20:06:25-07:00,0,5
projects/projects.js,131,js,24ffa5bb,vdhanda4,2025-05-12,20:06:25,-07:00,2025-05-12T20:06:25-07:00,0,12
projects/projects.js,132,js,24ffa5bb,vdhanda4,2025-05-12,20:06:25,-07:00,2025-05-12T20:06:25-07:00,0,39
projects/projects.js,133,js,24ffa5bb,vdhanda4,2025-05-12,20:06:25,-07:00,2025-05-12T20:06:25-07:00,0,70
projects/projects.js,134,js,24ffa5bb,vdhanda4,2025-05-12,20:06:25,-07:00,2025-05-12T20:06:25-07:00,0,2
projects/projects.js,135,js,24ffa5bb,vdhanda4,2025-05-12,20:06:25,-07:00,2025-05-12T20:06:25-07:00,0,2
projects/index.html,1,html,af7afa3a,vdhanda4,2025-04-04,21:22:34,-07:00,2025-04-04T21:22:34-07:00,0,14
projects/index.html,2,html,af7afa3a,vdhanda4,2025-04-04,21:22:34,-07:00,2025-04-04T21:22:34-07:00,0,15
projects/index.html,3,html,af7afa3a,vdhanda4,2025-04-04,21:22:34,-07:00,2025-04-04T21:22:34-07:00,0,5
projects/index.html,4,html,af7afa3a,vdhanda4,2025-04-04,21:22:34,-07:00,2025-04-04T21:22:34-07:00,0,21
projects/index.html,5,html,af7afa3a,vdhanda4,2025-04-04,21:22:34,-07:00,2025-04-04T21:22:34-07:00,0,52
projects/index.html,6,html,af7afa3a,vdhanda4,2025-04-04,21:22:34,-07:00,2025-04-04T21:22:34-07:00,0,69
projects/index.html,7,html,af7afa3a,vdhanda4,2025-04-04,21:22:34,-07:00,2025-04-04T21:22:34-07:00,0,22
projects/index.html,8,html,af7afa3a,vdhanda4,2025-04-04,21:22:34,-07:00,2025-04-04T21:22:34-07:00,0,44
projects/index.html,9,html,6b1ee998,vdhanda4,2025-04-25,21:55:14,-07:00,2025-04-25T21:55:14-07:00,0,49
projects/index.html,10,html,f585b5ec,vdhanda4,2025-05-02,23:36:41,-07:00,2025-05-02T23:36:41-07:00,0,48
projects/index.html,11,html,af7afa3a,vdhanda4,2025-04-04,21:22:34,-07:00,2025-04-04T21:22:34-07:00,0,6
projects/index.html,12,html,af7afa3a,vdhanda4,2025-04-04,21:22:34,-07:00,2025-04-04T21:22:34-07:00,0,5
projects/index.html,13,html,f585b5ec,vdhanda4,2025-05-02,23:36:41,-07:00,2025-05-02T23:36:41-07:00,0,39
projects/index.html,14,html,c79516e1,vdhanda4,2025-04-04,22:17:26,-07:00,2025-04-04T22:17:26-07:00,0,3
projects/index.html,15,html,24ffa5bb,vdhanda4,2025-05-12,20:06:25,-07:00,2025-05-12T20:06:25-07:00,0,22
projects/index.html,16,html,24ffa5bb,vdhanda4,2025-05-12,20:06:25,-07:00,2025-05-12T20:06:25-07:00,0,51
projects/index.html,17,html,24ffa5bb,vdhanda4,2025-05-12,20:06:25,-07:00,2025-05-12T20:06:25-07:00,0,23
projects/index.html,18,html,24ffa5bb,vdhanda4,2025-05-12,20:06:25,-07:00,2025-05-12T20:06:25-07:00,0,5
projects/index.html,19,html,24ffa5bb,vdhanda4,2025-05-12,20:06:25,-07:00,2025-05-12T20:06:25-07:00,0,5
projects/index.html,20,html,24ffa5bb,vdhanda4,2025-05-12,20:06:25,-07:00,2025-05-12T20:06:25-07:00,0,16
projects/index.html,21,html,24ffa5bb,vdhanda4,2025-05-12,20:06:25,-07:00,2025-05-12T20:06:25-07:00,0,12
projects/index.html,22,html,24ffa5bb,vdhanda4,2025-05-12,20:06:25,-07:00,2025-05-12T20:06:25-07:00,0,27
projects/index.html,23,html,24ffa5bb,vdhanda4,2025-05-12,20:06:25,-07:00,2025-05-12T20:06:25-07:00,0,29
projects/index.html,24,html,24ffa5bb,vdhanda4,2025-05-12,20:06:25,-07:00,2025-05-12T20:06:25-07:00,0,1
projects/index.html,25,html,ddbb2a3c,vdhanda4,2025-04-25,21:06:35,-07:00,2025-04-25T21:06:35-07:00,0,21
projects/index.html,26,html,ddbb2a3c,vdhanda4,2025-04-25,21:06:35,-07:00,2025-04-25T21:06:35-07:00,0,5
projects/index.html,27,html,af7afa3a,vdhanda4,2025-04-04,21:22:34,-07:00,2025-04-04T21:22:34-07:00,0,6
projects/index.html,28,html,af7afa3a,vdhanda4,2025-04-04,21:22:34,-07:00,2025-04-04T21:22:34-07:00,0,6
contact/index.html,1,html,af7afa3a,vdhanda4,2025-04-04,21:22:34,-07:00,2025-04-04T21:22:34-07:00,0,14
contact/index.html,2,html,af7afa3a,vdhanda4,2025-04-04,21:22:34,-07:00,2025-04-04T21:22:34-07:00,0,15
contact/index.html,3,html,af7afa3a,vdhanda4,2025-04-04,21:22:34,-07:00,2025-04-04T21:22:34-07:00,0,5
contact/index.html,4,html,af7afa3a,vdhanda4,2025-04-04,21:22:34,-07:00,2025-04-04T21:22:34-07:00,0,21
contact/index.html,5,html,af7afa3a,vdhanda4,2025-04-04,21:22:34,-07:00,2025-04-04T21:22:34-07:00,0,52
contact/index.html,6,html,af7afa3a,vdhanda4,2025-04-04,21:22:34,-07:00,2025-04-04T21:22:34-07:00,0,69
contact/index.html,7,html,af7afa3a,vdhanda4,2025-04-04,21:22:34,-07:00,2025-04-04T21:22:34-07:00,0,21
contact/index.html,8,html,af7afa3a,vdhanda4,2025-04-04,21:22:34,-07:00,2025-04-04T21:22:34-07:00,0,44
contact/index.html,9,html,6b1ee998,vdhanda4,2025-04-25,21:55:14,-07:00,2025-04-25T21:55:14-07:00,0,49
contact/index.html,10,html,af7afa3a,vdhanda4,2025-04-04,21:22:34,-07:00,2025-04-04T21:22:34-07:00,0,6
contact/index.html,11,html,af7afa3a,vdhanda4,2025-04-04,21:22:34,-07:00,2025-04-04T21:22:34-07:00,0,5
contact/index.html,12,html,af7afa3a,vdhanda4,2025-04-04,21:22:34,-07:00,2025-04-04T21:22:34-07:00,0,15
contact/index.html,13,html,c79516e1,vdhanda4,2025-04-04,22:17:26,-07:00,2025-04-04T22:17:26-07:00,0,3
contact/index.html,14,html,c79516e1,vdhanda4,2025-04-04,22:17:26,-07:00,2025-04-04T22:17:26-07:00,0,73
contact/index.html,15,html,c79516e1,vdhanda4,2025-04-04,22:17:26,-07:00,2025-04-04T22:17:26-07:00,0,6
contact/index.html,16,html,ddbb2a3c,vdhanda4,2025-04-25,21:06:35,-07:00,2025-04-25T21:06:35-07:00,0,5
contact/index.html,17,html,ddbb2a3c,vdhanda4,2025-04-25,21:06:35,-07:00,2025-04-25T21:06:35-07:00,0,59
contact/index.html,18,html,c79516e1,vdhanda4,2025-04-04,22:17:26,-07:00,2025-04-04T22:17:26-07:00,0,7
contact/index.html,19,html,c79516e1,vdhanda4,2025-04-04,22:17:26,-07:00,2025-04-04T22:17:26-07:00,0,6
contact/index.html,20,html,ddbb2a3c,vdhanda4,2025-04-25,21:06:35,-07:00,2025-04-25T21:06:35-07:00,0,7
contact/index.html,21,html,ddbb2a3c,vdhanda4,2025-04-25,21:06:35,-07:00,2025-04-25T21:06:35-07:00,0,58
contact/index.html,22,html,c79516e1,vdhanda4,2025-04-04,22:17:26,-07:00,2025-04-04T22:17:26-07:00,0,7
contact/index.html,23,html,c79516e1,vdhanda4,2025-04-04,22:17:26,-07:00,2025-04-04T22:17:26-07:00,0,6
contact/index.html,24,html,ddbb2a3c,vdhanda4,2025-04-25,21:06:35,-07:00,2025-04-25T21:06:35-07:00,0,7
contact/index.html,25,html,ddbb2a3c,vdhanda4,2025-04-25,21:06:35,-07:00,2025-04-25T21:06:35-07:00,0,57
contact/index.html,26,html,c79516e1,vdhanda4,2025-04-04,22:17:26,-07:00,2025-04-04T22:17:26-07:00,0,7
contact/index.html,27,html,ddbb2a3c,vdhanda4,2025-04-25,21:06:35,-07:00,2025-04-25T21:06:35-07:00,0,34
contact/index.html,28,html,ddbb2a3c,vdhanda4,2025-04-25,21:06:35,-07:00,2025-04-25T21:06:35-07:00,0,6
contact/index.html,29,html,af7afa3a,vdhanda4,2025-04-04,21:22:34,-07:00,2025-04-04T21:22:34-07:00,0,6
contact/index.html,30,html,af7afa3a,vdhanda4,2025-04-04,21:22:34,-07:00,2025-04-04T21:22:34-07:00,0,6
